reward_component/docking,step,reward_component/sa,_step,invalid_action_rate,loss,episode/mean_length,reward_component/toxicity_clean,_runtime,n_transitions,max_reward,policy_loss,min_reward,episode/diversity_unique_pct,grad_norm,difficulty,kl,verifier/truncation_rate,action_type/ADD_FRAGMENT,mean_reward,reward_component/qed,action_type/SUBSTITUTE_ATOM,verifier/lipinski_pass_rate,reward_std,parse_rate,verifier/invalid_action_rate,_timestamp,verifier/parse_rate,samples/episode_outcomes,action_type/REMOVE_FRAGMENT
0.003802282048364207,0,0.8878334327223992,0,0.7,-7.078051567077636e-09,10.0,1.0,97.776247586,80.0,7.525481543535018,-7.078051567077636e-09,3.758129985746294,1.0,0.1044921875,trivial,0.0,1.0,75.0,5.416605185848513,0.5966605185848513,5.0,1.0,1.0363456112822966,1.0,0.7,1777179221.6931977,1.0,,
,0,,1,,,,,98.565361684,,,,,,,,,,,,,,,,,,1777179222.482872,,"{'_latest_artifact_path': 'wandb-client-artifact://ixhojnnow92y5k0c1m0j5jq3kyty3qhfqj34zk2wybx14tr3hkfmb9g8yj2wb5ickbuvsrndhcs9y338vgm7a1nn9ihs8qp91wjo5voz6svmg854eoxc60iozwb24rnw:latest/samples/episode_outcomes.table.json', '_type': 'table-file', 'path': 'media/table/samples/episode_outcomes_1_b81c680cacc4959d400c.table.json', 'size': 880, 'nrows': 8, 'log_mode': 'IMMUTABLE', 'ncols': 8, 'sha256': 'b81c680cacc4959d400caab925dcb1b24281c7a44eac0a4638c542d0adafe23f', 'artifact_path': 'wandb-client-artifact://gqajg00mbk0abp4hbhh2c6bwtb51p1ykcy5686am1k7zrlyk7qvrqj31bal82znmxkpnvvnyuw6ue68y5vly120gevjafpjitmt2hajdzds26gylizjcwbf7ha9p4zh1/samples/episode_outcomes.table.json'}",
0.0037743095497248104,1,0.7774065606176381,2,0.6875,3.0372291803359984e-06,10.0,1.0,194.078200956,80.0,7.4122850931896345,-1.993030309677124e-08,3.436333078362308,1.0,0.1513671875,trivial,7.640494058023251e-05,1.0,69.0,5.348619311225374,0.5879869311225373,10.0,1.0,1.390607237900087,1.0,0.6875,1777179317.9952757,1.0,,1.0
0.003831235918068399,2,0.6119554907042998,3,0.825,2.461206167936325e-06,10.0,0.75,289.814889643,80.0,6.231855240392497,1.0896474123001098e-08,-0.9999999999999999,0.875,0.06689453125,trivial,6.083084985419873e-05,1.0,75.0,3.4799016114369556,0.42174016114369556,5.0,1.0,2.6649985870983808,1.0,0.825,1777179413.731975,1.0,,
0.00179939234910261,3,0.7490879183698111,4,0.75,4.957383498549461e-06,10.0,0.875,383.888252275,80.0,6.42562171622616,1.0710209608078002e-09,-0.9999999999999999,0.875,0.07958984375,trivial,0.0001237957557975733,1.0,74.0,4.4947265007448385,0.5119726500744839,6.0,1.0,2.2826518998085232,1.0,0.75,1777179507.8053749,1.0,,
0.004501910796394829,4,0.7576016683330938,5,0.8,2.465769648551941e-06,10.0,0.875,478.948687198,80.0,6.410019952890261,-1.257285475730896e-08,-0.9999999999999999,0.875,0.08154296875,trivial,6.208579681015181e-05,1.0,77.0,3.9766544409554982,0.4676654440955498,2.0,1.0,2.053471705207786,1.0,0.8,1777179602.8657675,1.0,,1.0
0.003793939369625504,5,0.8109695611901202,6,0.625,4.747509956359864e-06,10.0,1.0,572.407665368,80.0,7.470548568068013,-1.4901161193847657e-09,4.264396030878579,1.0,0.09765625,trivial,0.00011876385608324824,1.0,74.0,5.413043414421799,0.5850543414421799,6.0,1.0,1.1077662809432276,1.0,0.625,1777179696.324539,1.0,,
0.0045175852240455444,6,0.7709944414849568,7,0.7000000000000001,5.816668272018433e-06,10.0,1.0,667.766737073,80.0,5.2560353942850755,4.936009645462036e-09,2.5080628608002264,1.0,0.09375,trivial,0.00014538030570818706,1.0,74.0,4.453612569628051,0.5003612569628051,6.0,1.0,0.8087052812135492,1.0,0.7000000000000001,1777179791.6838727,1.0,,
0.0036229094977219566,7,0.7448129519402856,8,0.6875,6.4177438616752625e-06,10.0,0.875,762.221153358,80.0,6.1890880843683505,-8.009374141693115e-09,-0.9999999999999999,1.0,0.1025390625,trivial,0.0001605959254618483,1.0,76.0,4.295333326316745,0.48265833263167446,4.0,1.0,2.3276902130434074,1.0,0.6875,1777179886.1383123,1.0,,
0.0028229516334705505,8,0.7286319134183271,9,0.65,5.06421783939004e-06,10.0,0.875,857.965995908,80.0,5.765577883029767,3.632158041000366e-09,-0.9999999999999999,1.0,0.05712890625,trivial,0.00012686369788070806,1.0,74.0,3.4800006840602054,0.39550006840602053,5.0,1.0,1.9185874964595826,1.0,0.65,1777179981.8831155,1.0,,1.0
0.0027631198566679107,9,0.7325854974250259,10,0.725,4.302524030208588e-06,10.0,0.875,953.956388969,80.0,7.367060229560106,-5.587935447692871e-10,-0.9999999999999999,1.0,0.091796875,trivial,0.00010758523776175367,1.0,78.0,4.204321228853387,0.4791821228853387,2.0,1.0,2.200020146941094,1.0,0.725,1777180077.8735383,1.0,,
0.005900100158323231,10,0.8546830311877005,11,0.6875,5.0336122512817385e-06,10.0,1.0,1048.954693275,80.0,6.495095631360228,-1.6763806343078613e-08,1.8799194679083397,1.0,0.08642578125,trivial,0.00012610279752394148,1.0,74.0,4.8138845181421335,0.5345134518142133,6.0,1.0,1.490653511356121,1.0,0.6875,1777180172.8717427,1.0,,
0.003752215096065621,11,0.6198269968793849,12,0.8125,3.5072676837444306e-06,10.0,0.75,1145.574877353,80.0,6.3220809900387795,-2.5890767574310303e-08,-0.9999999999999999,0.875,0.0888671875,trivial,8.839971397236467e-05,1.0,77.0,3.1463380631371924,0.38650880631371926,3.0,1.0,2.5415951907629535,1.0,0.8125,1777180269.4919744,1.0,,
0.00417744110359344,12,0.8604030089885288,13,0.6875,5.385652184486389e-06,10.0,1.0,1240.830577467,80.0,6.3220809900387795,2.4214386940002442e-09,3.4151763786980034,1.0,0.0751953125,trivial,0.00013445805353455852,1.0,73.0,4.971829873652312,0.5503079873652311,6.0,1.0,0.791077746436934,1.0,0.6875,1777180364.7477334,1.0,,1.0
0.003675426745000134,13,0.8154131275062058,14,0.5375,7.207691669464111e-06,10.0,1.0,1334.70466374,80.0,8.413354813486713,-1.0058283805847169e-08,4.753979586363105,1.0,0.1162109375,trivial,0.00018047618022194457,1.0,68.0,6.430867331192957,0.6737117331192957,11.0,1.0,1.1228101452359158,1.0,0.5375,1777180458.621771,1.0,,1.0
0.003470418420799675,14,0.7838126921377612,15,0.7875,5.1853246986865996e-06,10.0,0.875,1431.045398226,80.0,7.367060229560106,-1.6763806343078614e-09,-0.9999999999999999,1.0,0.0830078125,trivial,0.00012936697382244234,1.0,77.0,4.3460641698915765,0.5027314169891576,3.0,1.0,2.302698572075236,1.0,0.7875,1777180554.9623396,1.0,,
0.004232704424156036,15,0.7522399936190935,16,0.8125,6.803032010793686e-06,10.0,0.875,1526.570375493,80.0,7.698483262831041,-6.053596735000611e-10,-0.9999999999999999,0.875,0.05712890625,trivial,0.00017036658993561105,1.0,77.0,4.706378426503805,0.5425128426503804,3.0,1.0,2.4689696767244573,1.0,0.8125,1777180650.4875693,1.0,,
0.005416331703297026,16,0.8551950182855244,17,0.7125,5.877987132407725e-06,10.0,1.0,1622.186717392,80.0,6.583409123722761,-5.332403816282749e-08,4.24131646243859,1.0,0.1357421875,trivial,0.00014843500552501608,1.0,75.0,5.331585363275798,0.5900335363275798,5.0,1.0,0.8869755378576095,1.0,0.7125,1777180746.1038873,1.0,,
0.003572931027636243,17,0.6997135021274906,18,0.75,5.927076563239097e-06,10.0,0.875,1717.565313351,80.0,7.367060229560106,-6.565824151039123e-09,-0.9999999999999999,1.0,0.072265625,trivial,0.00014822913378225165,1.0,78.0,4.714313138779624,0.5339313138779624,2.0,1.0,2.4371315610959328,1.0,0.75,1777180841.4824502,1.0,,
0.006412892378926321,18,0.8159641631248133,19,0.6875,6.746995495632291e-06,10.0,1.0,1813.891333436,80.0,6.240889444885259,-8.335337042808532e-09,0.7304899333855825,0.875,0.138671875,trivial,0.00016892572511402194,1.0,71.0,4.202976731628621,0.4850537973301819,9.0,0.875,1.4968493985320697,1.0,0.6875,1777180937.8082294,1.0,,
0.0040806042071112,19,0.8429373157220683,20,0.725,9.37924487516284e-06,10.0,1.0,1910.707645254,80.0,7.367060229560106,9.313225746154785e-10,2.6484131148159626,1.0,0.142578125,trivial,0.00023445290631798343,1.0,76.0,4.562619217412543,0.5150119217412543,4.0,1.0,1.6196269905441558,1.0,0.725,1777181034.6238549,1.0,,
0.004015721498034241,20,0.8130623463158225,21,0.625,1.082136295735836e-05,10.0,1.0,2006.262569256,80.0,7.4969224207315595,1.802109181880951e-08,2.2019396104441205,1.0,0.08154296875,trivial,0.00026990907532820074,1.0,71.0,4.816326847010256,0.5253826847010256,9.0,1.0,1.8179206049130863,1.0,0.625,1777181130.1796877,1.0,,
0.004075105710006019,21,0.8064635421240106,22,0.625,1.2018624693155288e-05,10.0,1.0,2100.89190921,80.0,5.983351344747548,-3.3527612686157227e-09,3.917121315284301,1.0,0.07275390625,trivial,0.00030047075047718864,1.0,79.0,4.8751226464550275,0.5312622646455027,1.0,1.0,0.6606256561666359,1.0,0.625,1777181224.8089712,1.0,,
0.002470627977543171,22,0.5812029737639672,23,0.6875,8.03433358669281e-06,10.0,0.75,2196.628175315,80.0,7.309736812279842,2.1979212760925294e-08,-0.9999999999999999,0.875,0.10595703125,trivial,0.00020041243477066927,1.0,76.0,3.781241139446985,0.4312491139446985,4.0,1.0,2.8824765790010205,1.0,0.6875,1777181320.5440226,1.0,,
0.003932954380435633,23,0.695030794522635,24,0.775,9.847944602370262e-06,10.0,0.875,2292.885904525,80.0,7.071962799487322,1.8347054719924926e-08,-0.9999999999999999,1.0,0.060546875,trivial,0.0002457522160455028,1.0,76.0,4.747057560439502,0.5409557560439501,3.0,1.0,2.384154417023012,1.0,0.775,1777181416.8028202,1.0,,1.0
0.00586291533422916,24,0.7125450842362157,25,0.5375,1.2297555804252624e-05,10.0,0.875,2386.636088962,80.0,7.367060229560108,1.601874828338623e-08,-0.9999999999999999,1.0,0.07421875,trivial,0.00030698177976091757,1.0,76.0,5.242850849766796,0.5555350849766796,3.0,1.0,2.457973928090951,1.0,0.5375,1777181510.5531845,1.0,,1.0
0.00466271404304308,25,0.6945006644479802,26,0.7375,8.4748025983572e-06,10.0,0.875,2482.722095876,80.0,5.982498942725327,1.778826117515564e-08,-0.9999999999999999,1.0,0.06884765625,trivial,0.00021170164158803572,1.0,73.0,3.928917712230899,0.4535167712230898,7.0,1.0,2.051919800672893,1.0,0.7375,1777181606.6391098,1.0,,
,25,,27,,,,,2484.09655493,,,,,,,,,,,,,,,,,,1777181608.014389,,"{'artifact_path': 'wandb-client-artifact://3l1ypr3ha5j2m9e55th444z3cm7z4yh3k716ffrn3kzbp2el6hu3cnet6vwlizyer47qnfrtn0stknxe1y5cdzgl5x1u1l8n4of98o3p9290kx481qo2f2wmh8po752f/samples/episode_outcomes.table.json', 'path': 'media/table/samples/episode_outcomes_27_0aae13d721d4810f12b2.table.json', '_latest_artifact_path': 'wandb-client-artifact://l70uersd7nfstwxlhdvgd2od58esftx7aro2b87577nlm306zmgo8gfddcj0os3100756kvpvxv8w6fgbe2e15rzc82u8w1hnw5cyc5ixkqm209llqok6bol5f9i1kf9:latest/samples/episode_outcomes.table.json', '_type': 'table-file', 'log_mode': 'IMMUTABLE', 'ncols': 8, 'size': 855, 'nrows': 8, 'sha256': '0aae13d721d4810f12b2948cba0f86d315c8e815966918cc31f2c0cefd29ee96'}",
0.003483591676340014,26,0.6822631404464796,28,0.6875,1.0824576020240783e-05,10.0,0.875,2579.211873855,80.0,6.1890880843683505,2.37487256526947e-09,-0.9999999999999999,0.875,0.07080078125,trivial,0.00027076975668478555,1.0,76.0,4.379806799217334,0.49110567992173343,3.0,1.0,2.1203160507535244,1.0,0.6875,1777181703.129009,1.0,,1.0
0.0023673491669611224,27,0.7486162341212783,29,0.6375,1.814141869544983e-05,10.0,0.875,2673.63923118,80.0,8.1022373373318,-1.4901161193847657e-09,-0.9999999999999999,1.0,0.08349609375,trivial,0.0004535699947922467,1.0,69.0,4.921292103162897,0.5377542103162897,10.0,1.0,2.5648481604570574,1.0,0.6375,1777181797.556318,1.0,,1.0
0.005293491227963027,28,0.8557451937289603,30,0.6875,2.3932941257953643e-05,10.0,1.0,2767.119752131,80.0,7.367060229560108,-2.16066837310791e-08,4.753979586363105,1.0,0.1630859375,trivial,0.0005986880669581751,1.0,75.0,6.047600751713814,0.6578850751713814,4.0,1.0,0.8891549370491079,1.0,0.6875,1777181891.0368798,1.0,,1.0
0.0032327971308320907,29,0.7810401848539955,31,0.7625,1.9929453264921905e-05,10.0,0.875,2863.384459968,80.0,8.086889709421548,1.1106021702289582e-08,-0.9999999999999999,1.0,0.134765625,trivial,0.0004980148282356823,1.0,77.0,4.919623504586728,0.5563373504586727,3.0,1.0,2.440005736826805,1.0,0.7625,1777181987.301618,1.0,,
0.004013063048530434,30,0.81638155474521,32,0.65,2.8681475669145584e-05,10.0,1.0,2959.546502633,80.0,6.4053608344015664,7.916241884231567e-09,3.1231654550811765,1.0,0.1064453125,trivial,0.0007167885957017006,1.0,72.0,5.298193393029894,0.5773193393029895,8.0,1.0,1.0042899946588277,1.0,0.65,1777182083.4634085,1.0,,
0.004318815103311047,31,0.6822552660859768,33,0.65,2.0602066069841384e-05,10.0,0.875,3055.345132743,80.0,6.701911415664827,-7.450580596923829e-10,-0.9999999999999999,1.0,0.068359375,trivial,0.0005149693367400232,1.0,73.0,4.0215679065072445,0.4496567906507244,7.0,1.0,2.1796652236201233,1.0,0.65,1777182179.2622037,1.0,,
0.003473333963265731,32,0.8281254999888252,34,0.6875,1.7063599079847337e-05,10.0,1.0,3151.355918377,80.0,7.98929861580391,-1.9278377294540405e-08,4.26620716637179,1.0,0.07275390625,trivial,0.0004269638981980961,1.0,77.0,5.6656931409360185,0.6196943140936018,3.0,1.0,1.244669598004387,1.0,0.6875,1777182275.2730415,1.0,,
0.0043922977319722,33,0.9242844226235707,35,0.75,4.139728844165802e-05,10.0,1.0,3245.488475749,80.0,7.073118631579167,-3.054738044738769e-08,4.24131646243859,1.0,0.091796875,trivial,0.001035517116633855,1.0,75.0,5.8363717965306225,0.6461371796530622,5.0,1.0,0.8658931025228777,1.0,0.75,1777182369.4055734,1.0,,
0.00216090942581449,34,0.8812781310785686,36,0.675,2.7355551719665527e-05,10.0,1.0,3340.993970546,80.0,8.019850154527662,2.6077032089233397e-09,3.758129985746294,0.875,0.11474609375,trivial,0.000683781474879197,1.0,75.0,5.949567632760412,0.6462067632760412,5.0,1.0,1.2398147238301997,1.0,0.675,1777182464.9111483,1.0,,
0.0035582779675270245,35,0.7100583579239925,37,0.6875,3.507621586322785e-05,10.0,0.875,3435.799097963,80.0,7.193623685669001,-8.568167686462402e-09,-0.9999999999999999,1.0,0.080078125,trivial,0.000876877090445305,1.0,76.0,4.375823386851656,0.4907073386851656,4.0,1.0,2.539263812255126,1.0,0.6875,1777182559.7161577,1.0,,
0.002934507388625813,36,0.7548323017954006,38,0.8,3.360593691468239e-05,10.0,0.875,3530.084070726,80.0,7.058811290710655,1.4714896678924561e-08,-0.9999999999999999,0.875,0.08251953125,trivial,0.0008397524767900677,1.0,79.0,4.641669212551491,0.5341669212551491,1.0,1.0,2.2834185397345195,1.0,0.8,1777182654.0007186,1.0,,
0.003902937201527184,37,0.8320340582429437,39,0.55,3.964044153690338e-05,10.0,1.0,3624.726749929,80.0,8.127055930488815,1.1920928955078126e-08,2.7180263805959175,1.0,0.0986328125,trivial,0.0009907712384347178,1.0,76.0,5.228308672005785,0.5553308672005786,4.0,1.0,1.6618035131561117,1.0,0.55,1777182748.643896,1.0,,
0.003373250901505653,38,0.877305632075511,40,0.6625,3.644842654466629e-05,10.0,1.0,3719.409124284,80.0,6.973239738986055,-2.868473529815674e-08,5.148689433499305,0.875,0.201171875,trivial,0.0009120767491367588,1.0,78.0,5.95887268161856,0.645262268161856,2.0,1.0,0.700533039542336,1.0,0.6625,1777182843.326106,1.0,,
0.005974854855144792,39,0.8221691446354076,41,0.775,2.0845327526330948e-05,10.0,1.0,3815.712264657,80.0,6.3847338437480525,-1.3038516044616698e-09,3.9072051956483222,0.875,0.09521484375,trivial,0.0005212212730441479,1.0,79.0,4.848820661948642,0.5511320661948641,1.0,1.0,0.70818586174282,1.0,0.775,1777182939.6293342,1.0,,
0.004415931129665908,40,0.8037074070365758,42,0.7625,3.327927552163601e-05,10.0,1.0,3911.25090551,80.0,6.187043690949315,-2.514570951461792e-09,3.1663824626517614,0.875,0.08642578125,trivial,0.0008318818230009129,1.0,77.0,4.6394130393017505,0.528316303930175,2.0,1.0,0.7728536149835588,1.0,0.7625,1777183035.1676223,1.0,,1.0
0.00269878809554276,41,0.8113861770598759,43,0.6375,3.944654017686844e-05,10.0,1.0,4007.028816683,80.0,8.065654595609077,-1.0244548320770264e-08,3.4519149821145008,1.0,0.0927734375,trivial,0.0009865037200142979,1.0,75.0,5.819795199366584,0.6276045199366583,4.0,1.0,1.8164515537919268,1.0,0.6375,1777183130.9447854,1.0,,1.0
0.003703087488817398,42,0.7041238067470351,44,0.7,2.573290839791298e-05,10.0,0.875,4103.202780114,80.0,6.525120063610095,-5.029141902923584e-09,-0.9999999999999999,1.0,0.07421875,trivial,0.0006435038023482776,1.0,76.0,4.08244033172759,0.46324403317275903,1.0,1.0,2.082648375207756,1.0,0.7,1777183227.1199467,1.0,,3.0
0.003500358800413619,43,0.7515274949581441,45,0.6,6.362451240420342e-05,10.0,0.875,4196.325184261,80.0,7.280613319860724,-1.8626451492309571e-10,-0.9999999999999999,1.0,0.08642578125,trivial,0.0015903540171734675,1.0,76.0,4.266490017871567,0.5105474323243326,4.0,0.875,2.3361853000357593,1.0,0.6,1777183320.241116,1.0,,
0.003211338337415796,44,0.735820546839056,46,0.6625,8.371658623218536e-05,10.0,0.875,4289.338070661,80.0,7.7979303426847695,-6.51925802230835e-09,-0.9999999999999999,1.0,0.1044921875,trivial,0.00209326578267337,1.0,75.0,5.215519154155174,0.5709269154155173,5.0,1.0,2.641044504186634,1.0,0.6625,1777183413.2550642,1.0,,
0.0030127945560276368,45,0.8697385203470827,47,0.6625,0.00011771172285079956,10.0,1.0,4382.619639932,80.0,8.261743486985509,-9.313225746154785e-09,4.043698234036231,0.875,0.10009765625,trivial,0.0029431024901668936,1.0,76.0,5.602780163294051,0.609653016329405,3.0,1.0,1.3237928461678654,1.0,0.6625,1777183506.5367022,1.0,,1.0
0.011557865708904333,46,0.802927583237218,48,0.6,8.406024426221848e-05,10.0,1.0,4476.932110758,80.0,7.1157258631846165,-1.564621925354004e-08,3.0162690503920904,1.0,0.1806640625,trivial,0.0021019019324285183,1.0,76.0,5.052188973881444,0.5452188973881444,4.0,1.0,1.4306774369330688,1.0,0.6,1777183600.8484375,1.0,,
0.004484476701802243,47,0.8583396729551385,49,0.675,9.842365980148316e-05,10.0,1.0,4571.2340005,80.0,8.474862076086225,-8.568167686462402e-09,4.431872261325478,1.0,0.06884765625,trivial,0.002460772988797544,1.0,78.0,5.6532499823900215,0.6165749982390021,1.0,1.0,1.2520574404531448,1.0,0.675,1777183695.1511412,1.0,,1.0
0.003292712572210701,48,0.7750907652831298,50,0.8,0.00013260040432214737,10.0,0.875,4665.572027469,80.0,7.517060229560106,-1.8440186977386475e-08,-0.9999999999999999,0.875,0.0830078125,trivial,0.003315650793410896,1.0,77.0,4.76500415991962,0.546500415991962,3.0,1.0,2.476292522215762,1.0,0.8,1777183789.4890456,1.0,,
0.0022424820103320014,49,0.6462979774481091,51,0.7875,9.892880916595459e-05,10.0,0.75,4760.958785995,80.0,7.498334537111283,-5.215406417846679e-09,-0.9999999999999999,0.875,0.1728515625,trivial,0.0024737284931234172,1.0,79.0,4.059946924764547,0.4741196924764547,1.0,1.0,3.0143373773213935,1.0,0.7875,1777183884.8758357,1.0,,
0.002781757919113823,50,0.7654120201595155,52,0.7375,0.00014424586552195252,10.0,0.875,4856.217852747,80.0,6.865445805923922,-5.587935447692871e-09,-0.9999999999999999,1.0,0.1298828125,trivial,0.003606368494365597,1.0,79.0,4.620420328938776,0.5226670328938776,1.0,1.0,2.2466296098456167,1.0,0.7375,1777183980.1349807,1.0,,
,50,,53,,,,,4857.379273228,,,,,,,,,,,,,,,,,,1777183981.2971027,,"{'artifact_path': 'wandb-client-artifact://hukqxv7nl4u04nrrgifst3dlg344lg483c52ac61nkmynapi258km7hrri1n1zuzwthh5ynnb3nmblyg99khst5283v10bdo8pj2oip65pee6n9il5bm111dgikqo1je/samples/episode_outcomes.table.json', 'ncols': 8, 'nrows': 8, 'path': 'media/table/samples/episode_outcomes_53_c2a7f694106f3bbf0ad3.table.json', 'size': 883, '_type': 'table-file', 'log_mode': 'IMMUTABLE', 'sha256': 'c2a7f694106f3bbf0ad3cabc02c60f9097b4175ef0af23525f6c586bcffd6bfe', '_latest_artifact_path': 'wandb-client-artifact://yxpq7wbli11fs608cjehudeq3bg13z0on96xw89thmxlejzef2b9gahwoij7mdrgmwwdp3ske4l6g6ryblvku3yp2a9pthyy91nitlbkkj420koixf8a9laoluuxhm2p:latest/samples/episode_outcomes.table.json'}",
0.00140083530519062,51,0.5270946572534957,54,0.85,0.00017046816647052764,10.0,0.625,4953.513499829,80.0,6.931338290660663,5.587935447692871e-09,-0.9999999999999999,0.75,0.1611328125,trivial,0.004261602002407017,1.0,79.0,3.0733899946376035,0.3848389994637603,1.0,1.0,3.2384793245388566,1.0,0.85,1777184077.4305768,1.0,,
0.006851123888857812,52,0.8682202024952181,55,0.65,0.0002474142238497734,10.0,1.0,5048.233209899,80.0,6.8129849773882585,1.0989606380462647e-08,4.524727140780584,0.875,0.25,trivial,0.006184945824406896,1.0,79.0,5.905075805736109,0.6380075805736108,1.0,1.0,0.7703697389772117,1.0,0.65,1777184172.1503706,1.0,,
0.0032621681572823796,53,0.8210431376917726,56,0.7,0.0001638969173654914,10.0,1.0,5144.857271774,80.0,7.367060229560106,-7.543712854385376e-09,3.0853705246413776,0.875,0.08154296875,trivial,0.004097566929976893,1.0,78.0,4.774013587961042,0.5324013587961042,2.0,1.0,1.1371787093915242,1.0,0.7,1777184268.774149,1.0,,
0.004892423773906836,54,0.6967698569358842,57,0.6125,0.00022950387792661787,10.0,0.875,5238.93538959,80.0,6.386576949163602,-3.6903657019138335e-09,-0.9999999999999999,1.0,0.1171875,trivial,0.005737810649407038,1.0,78.0,4.470629640225412,0.4889379640225412,2.0,1.0,2.1707065050708523,1.0,0.6125,1777184362.8525069,1.0,,
0.004365609333334401,55,0.8811686199943365,58,0.725,0.0004157320596277714,10.0,1.0,5331.895975348,80.0,8.58745461206234,1.371372491121292e-08,4.414428818176129,0.875,0.11376953125,trivial,0.010392876044716105,1.0,78.0,6.16928006068608,0.675678006068608,2.0,1.0,1.1746085253007181,1.0,0.725,1777184455.8131092,1.0,,
0.0044634168286023694,56,0.8045385387796108,59,0.65,0.0002804696559906006,10.0,1.0,5426.914568579,80.0,7.6984773192681155,1.30385160446167e-08,3.329969664848594,1.0,0.162109375,trivial,0.0070114147642016175,1.0,78.0,5.349679994243378,0.5824679994243378,2.0,1.0,1.4995843536135338,1.0,0.65,1777184550.8314455,1.0,,
0.004040522583954996,57,0.7541088848469072,60,0.8125,0.00045650629326701166,10.0,0.875,5519.056014917,80.0,7.164677078752882,-1.3021053746342658e-08,-0.9999999999999999,1.0,0.12890625,trivial,0.011412825401566806,1.0,79.0,4.869106324744564,0.5587856324744563,1.0,1.0,2.3913024029986296,1.0,0.8125,1777184642.9731536,1.0,,
0.0027159124369802723,58,0.7854526516425638,61,0.8125,0.00044766487553715706,10.0,0.875,5612.565178045,80.0,6.225728323742301,1.9650906324386598e-08,-0.9999999999999999,0.875,0.08056640625,trivial,0.011191288594682191,1.0,79.0,4.548574784710253,0.5267324784710252,1.0,1.0,2.1395882069576313,1.0,0.8125,1777184736.4822326,1.0,,
0.004069324756630946,59,0.7712522939535293,62,0.6375,0.0005960195325314998,10.0,1.0,5704.386919722,80.0,8.00355076859107,2.1420419216156006e-08,3.8287846024373593,1.0,0.09814453125,trivial,0.014899971473460028,1.0,77.0,5.41547960092905,0.587172960092905,3.0,1.0,1.4143691414881145,1.0,0.6375,1777184828.3040056,1.0,,
0.0036877000359194414,60,0.7357026973703777,63,0.6375,0.0004223923198878765,10.0,0.875,5799.037467308,80.0,6.857781916982677,1.1362135410308837e-08,-0.9999999999999999,1.0,0.10302734375,trivial,0.010559167893006816,1.0,79.0,4.01267795175594,0.47871710941566653,1.0,0.875,2.1779190427199837,1.0,0.6375,1777184922.954347,1.0,,
0.001986324461807207,61,0.7660781943637478,64,0.5625,0.0005861826241016388,10.0,0.875,5890.611772494,80.0,8.41604999895227,1.9371509552001954e-08,-0.9999999999999999,1.0,0.142578125,trivial,0.014653929857013281,1.0,80.0,5.867690536849659,0.6211440536849658,,1.0,2.908999716968134,1.0,0.5625,1777185014.528907,1.0,,
0.007479567561894553,62,0.8377858650993981,65,0.4625,0.0008093198761343956,10.0,1.0,5980.45776539,80.0,8.165141496235677,1.508742570877075e-08,4.062987649925822,1.0,0.10595703125,trivial,0.02023258951749085,1.0,80.0,5.817167473994532,0.6010917473994531,,1.0,1.4126032307555758,1.0,0.4625,1777185104.3748925,1.0,,
0.005250199018600878,63,0.8312309443732079,66,0.6125,0.0009111568331718444,10.0,1.0,6069.788501564,80.0,8.20740934537766,-1.1920928955078126e-08,4.753979586363105,0.875,0.123046875,trivial,0.02277924418085604,1.0,78.0,6.355707597003184,0.6774457597003184,2.0,1.0,1.3606535962153425,1.0,0.6125,1777185193.7055566,1.0,,
0.007190317648869131,64,0.8118743662906903,67,0.4125,0.0009244604036211968,10.0,1.0,6159.717201529,80.0,7.71444633456109,1.080334186553955e-08,3.0968001065916733,1.0,0.078125,trivial,0.023111327110200364,1.0,80.0,5.398662008896347,0.5854512022220306,,0.875,1.313610742058647,1.0,0.4125,1777185283.6343744,1.0,,
0.003610939793066915,65,0.6466521748484193,68,0.7,0.0008016214706003666,10.0,0.75,6252.036396283,80.0,7.5371852048908625,-4.209578037261963e-08,-0.9999999999999999,0.75,0.1923828125,trivial,0.020041524668704368,1.0,80.0,4.1067807996578045,0.5164642615451286,,0.875,3.0871651198796686,1.0,0.7,1777185375.9535189,1.0,,
0.0018827195503909185,66,0.6505998917131695,69,0.6875,0.0005729394033551216,10.0,0.75,6343.440239894,80.0,7.184622281984237,-2.384185791015625e-08,-0.9999999999999999,0.875,0.2158203125,trivial,0.014324037275946467,1.0,80.0,4.468964444872292,0.5000214444872291,,1.0,3.243210206793739,1.0,0.6875,1777185467.35738,1.0,,
0.004890503494193763,67,0.6567804910660595,70,0.8125,0.0010103106498718262,10.0,0.75,6436.480432381,80.0,7.489629515553718,-1.5832483768463135e-08,-0.9999999999999999,0.875,0.1591796875,trivial,0.025258415636926657,1.0,80.0,4.194164049590568,0.49129140495905677,,1.0,3.129046198870917,1.0,0.8125,1777185560.3975718,1.0,,
0.006247894981726801,68,0.8885523538513025,71,0.7,0.0014708483591675757,10.0,1.0,6526.495065142,80.0,7.7379915192146305,1.1175870895385742e-09,4.3763817972838766,1.0,0.10009765625,trivial,0.0367712460225448,1.0,80.0,5.572125389868469,0.6122125389868469,,1.0,1.0365828984326786,1.0,0.7,1777185650.41219,1.0,,
0.003494961486549751,69,0.8516421369285448,72,0.6125,0.0009508579969406128,10.0,1.0,6615.26552388,80.0,7.367060229560106,-1.2293457984924316e-08,4.43433325573126,0.875,0.134765625,trivial,0.023771411331836134,1.0,80.0,5.83524119283679,0.6253991192836789,,1.0,1.2101146063780854,1.0,0.6125,1777185739.1826668,1.0,,
0.005748245837368752,70,0.8712360819129716,73,0.525,0.0010108453221619128,10.0,1.0,6704.02188362,80.0,8.43517867065393,-6.332993507385254e-09,4.43433325573126,1.0,0.10986328125,trivial,0.025271374708245274,1.0,79.0,6.273606592611645,0.6561106592611645,1.0,1.0,1.1602764309972304,1.0,0.525,1777185827.9388874,1.0,,
0.005767288906430772,71,0.7753960870857545,74,0.5625,0.0011587629094719886,10.0,0.875,6793.806469129,80.0,7.347540949073418,1.1455267667770386e-08,-0.9999999999999999,0.875,0.150390625,trivial,0.028968999201242695,1.0,79.0,4.462270295983875,0.5040141941792097,1.0,0.875,2.5196410177328428,1.0,0.5625,1777185917.7235353,1.0,,
0.0020664843371151352,72,0.7365382746849837,75,0.475,0.001212621945887804,10.0,0.875,6883.881873073,80.0,8.443087992179303,-4.284083843231201e-09,-0.9999999999999999,1.0,0.158203125,trivial,0.030315661344502587,1.0,80.0,5.711884755240687,0.5924384755240687,,1.0,2.8146354057339034,1.0,0.475,1777186007.7989454,1.0,,
0.007622764688558323,73,0.6799605768572202,76,0.675,0.0011011118069291115,10.0,0.75,6974.825929573,80.0,7.871381449854541,-2.123415470123291e-08,-0.9999999999999999,0.875,0.166015625,trivial,0.02752836974686943,1.0,80.0,4.4565951562868795,0.49690951562868796,,1.0,3.2546899326276035,1.0,0.675,1777186098.7430584,1.0,,
0.0018630469713831494,74,0.7494373260665402,77,0.55,0.0012978329090401531,10.0,0.875,7065.399499566,80.0,7.2263958195588405,8.544884622097016e-09,-0.9999999999999999,1.0,0.189453125,trivial,0.032445509523677175,1.0,80.0,5.197779643750377,0.5522779643750377,,1.0,2.437853861411013,1.0,0.55,1777186189.3166487,1.0,,
0.0023771474947479215,75,0.802458282357253,78,0.7125,0.000975155271589756,10.0,0.875,7154.62274161,80.0,7.7108119865713665,2.3283064365386963e-09,-0.9999999999999999,1.0,0.1572265625,trivial,0.02437869983550627,1.0,80.0,5.421543625688577,0.5990293625688576,,1.0,2.6512056605818035,1.0,0.7125,1777186278.5398095,1.0,,
,75,,79,,,,,7155.810873405,,,,,,,,,,,,,,,,,,1777186279.7286592,,"{'log_mode': 'IMMUTABLE', 'nrows': 8, '_type': 'table-file', 'artifact_path': 'wandb-client-artifact://2e4y9dqkyfse05vtjik9b82n3dfdxiek772n45hxjqfgksyhygzqqscz36kmqhnn4u9z3iqubyrirjdwk28vneqkoi48suq5p65iaj38uf1i2yhw6pbb5m3ud769spo0/samples/episode_outcomes.table.json', '_latest_artifact_path': 'wandb-client-artifact://1h0zfbmdfaas7d1uob9qfqxo9et4a92196r6puokg3fw5kdaqo4dtaunv28g38hwe1bpaft2nxd4dfwxsfh3l1mce67021qhnjcscyg84pa6mljlqrw4hzkw5ifd90wy:latest/samples/episode_outcomes.table.json', 'ncols': 8, 'path': 'media/table/samples/episode_outcomes_79_01fe27fff31365592fe1.table.json', 'sha256': '01fe27fff31365592fe1d82cf0fac54e59ff6cd738a6375a1ccf1ceb6a5d5a10', 'size': 856}",
0.003998359102887321,76,0.864457886876403,80,0.475,0.001630492229014635,10.0,1.0,7244.501309359,80.0,6.864839058787616,-2.253800630569458e-08,2.5826455244358106,1.0,0.072265625,trivial,0.040762782550882545,1.0,80.0,4.6903858119558235,0.5815040451622715,,0.625,1.5797935453052712,1.0,0.475,1777186368.4184182,1.0,,
0.004159785299531238,77,0.8504031342870754,81,0.55,0.001311236619949341,10.0,1.0,7333.224575862,80.0,7.387627255046931,2.2351741790771484e-08,3.0968001065916733,0.875,0.0673828125,trivial,0.032780215649108865,1.0,80.0,5.654150711160213,0.6316250724484171,,0.875,1.4062325330823742,1.0,0.55,1777186457.1417406,1.0,,
0.0048393764087553606,78,0.8623062472013284,82,0.4375,0.0017236440209671855,10.0,1.0,7422.169193927,80.0,7.1995727736965085,-4.090252332389355e-08,3.1933303623504274,1.0,0.10205078125,trivial,0.04309214352397248,1.0,80.0,5.26046058404647,0.5765876879340273,,0.875,1.1731277525469754,1.0,0.4375,1777186546.0863857,1.0,,
0.004851271400252064,79,0.8646682673659277,83,0.6125,0.0023892120574600995,10.0,1.0,7511.012213768,80.0,6.781459241031646,2.468004822731018e-09,3.879251939221715,1.0,0.1025390625,trivial,0.05973024809791241,1.0,80.0,5.24375416568734,0.6141160658090055,,0.875,0.9621138079532985,1.0,0.6125,1777186634.9293516,1.0,,
0.005940207610943592,80,0.8679353192405561,84,0.6625,0.0016594843938946724,10.0,1.0,7599.780891795,80.0,7.730806706187195,-1.2107193470001221e-09,4.24131646243859,1.0,0.0927734375,trivial,0.0414870750188129,1.0,80.0,5.942096210061233,0.6435846210061232,,1.0,1.1627714195937757,1.0,0.6625,1777186723.697915,1.0,,
0.0039752836558025065,81,0.8855449993259771,85,0.5125,0.002059579436900094,10.0,1.0,7688.117336432,80.0,8.587570858241657,-9.092036634683608e-09,4.753979586363105,1.0,0.08935546875,trivial,0.05148978282741155,1.0,80.0,6.358532389242951,0.662728238924295,,1.0,1.26788316702581,1.0,0.5125,1777186812.0345035,1.0,,
0.006671263556650959,82,0.7437892365121964,86,0.4375,0.0013185973279178143,10.0,0.875,7777.157171892,80.0,7.531781640845097,1.080334186553955e-08,-0.9999999999999999,1.0,0.062255859375,trivial,0.03296471382200252,1.0,80.0,4.954454145306665,0.5459870440600468,,0.875,2.6679519047773868,1.0,0.4375,1777186901.074305,1.0,,
0.0033095937214781502,83,0.742173487504733,87,0.5625,0.0016943102702498436,10.0,0.875,7865.797435789,80.0,7.6167226228388,-1.6763806343078614e-09,-0.9999999999999999,1.0,0.1142578125,trivial,0.04235781871830113,1.0,80.0,4.863986090581431,0.5593721067970392,,0.875,2.583229139501805,1.0,0.5625,1777186989.7145686,1.0,,
0.0016559897028351797,84,0.5343368649226277,88,0.65,0.001097266748547554,10.0,0.625,7956.159875047,80.0,7.506128947403204,3.6135315895080564e-08,-0.9999999999999999,0.75,0.169921875,trivial,0.027430820709560065,1.0,80.0,3.3986535942941973,0.3873653594294197,,1.0,3.500293162529085,1.0,0.65,1777187080.0769544,1.0,,
0.007343182814113135,85,0.851088449913647,89,0.5375,0.0018378209322690963,10.0,1.0,8043.500497308,80.0,8.094324602135643,-2.9429793357849122e-08,2.745945139205803,0.75,0.09375,trivial,0.04594628824852407,1.0,80.0,5.084124056248483,0.6057783493943012,,0.75,1.6195306303622496,1.0,0.5375,1777187167.4176216,1.0,,
0.0060662064523826715,86,0.7709440002857132,90,0.6625,0.0019359391135367332,10.0,0.875,8131.946985893,80.0,7.644238387548834,-9.105497156269849e-09,-0.9999999999999999,1.0,0.1220703125,trivial,0.048398791666841134,1.0,80.0,4.859893483271163,0.566705545782737,,0.875,2.6360633550244836,1.0,0.6625,1777187255.8641896,1.0,,
0.0051644366190399865,87,0.9056254464797494,91,0.3625,0.001523832231760025,10.0,1.0,8219.157592717,80.0,7.341648732228402,3.725290298461914e-09,2.9072957964496604,0.875,0.04345703125,trivial,0.03809579956578091,1.0,80.0,6.021825988908553,0.6378987963464761,,0.875,1.3637229606824686,1.0,0.3625,1777187343.0746841,1.0,,
0.005940713492506864,88,0.8603670228532972,92,0.4,0.0018985386937856673,10.0,1.0,8307.045333795,80.0,7.888017287957518,-1.8440186977386475e-08,2.113123505260237,1.0,0.11767578125,trivial,0.047463875968242066,1.0,80.0,4.707148158696268,0.576053436732422,,0.625,1.870338148816648,1.0,0.4,1777187430.9623232,1.0,,
0.005285931184311444,89,0.9035116673942696,93,0.625,0.0017139550298452377,10.0,1.0,8394.605093755,80.0,7.244562053425955,5.401670932769775e-09,4.414428818176129,0.875,0.078125,trivial,0.0428488414210733,1.0,80.0,5.659142383901541,0.609664238390154,,1.0,0.8693000305983293,1.0,0.625,1777187518.5222368,1.0,,
0.0026527499695906532,90,0.7628106043469798,94,0.5125000000000001,0.002024530805647373,10.0,0.875,8483.318657426,80.0,7.393476028260878,-1.30385160446167e-08,-0.9999999999999999,1.0,0.1923828125,trivial,0.05061332902332651,1.0,80.0,4.95642376565649,0.5594003798635457,,0.875,2.534558153822163,1.0,0.5125000000000001,1777187607.2356467,1.0,,
0.003178537439880547,91,0.8434987378103573,95,0.675,0.001487886905670166,10.0,1.0,8571.689531187,80.0,7.568650170999953,-2.868473529815674e-08,4.43433325573126,0.875,0.0576171875,trivial,0.03719785233261064,1.0,80.0,5.6077914160162825,0.6120291416016281,,1.0,1.0507432421229876,1.0,0.675,1777187695.606662,1.0,,
0.0040430726828141715,92,0.8229916231631622,96,0.4375,0.0017673747497610748,10.0,1.0,8658.940614784,80.0,7.0388158224311965,1.6950070858001708e-08,4.43433325573126,1.0,0.07958984375,trivial,0.04418399844726082,1.0,80.0,5.681012830292403,0.5837262830292402,,1.0,0.7560663916323647,1.0,0.4375,1777187782.8577664,1.0,,
0.004549202175389314,93,0.8543129022259274,97,0.3875,0.002180646359920502,10.0,1.0,8747.578603161,80.0,7.019711835833088,1.3969838619232178e-08,2.728221632464538,1.0,0.09326171875,trivial,0.05451577289495617,1.0,80.0,5.01780624133613,0.61253833847111,,0.625,1.706878007668621,1.0,0.3875,1777187871.4957035,1.0,,
0.014742401842000295,94,0.8092857531810386,98,0.3375,0.0020117342472076418,10.0,1.0,8835.592037682,80.0,6.979154956428107,1.9744038581848144e-08,2.9701866528101233,1.0,0.076171875,trivial,0.05029287557699717,1.0,80.0,5.7574220614635,0.6109945393064766,,0.875,1.3397359665816102,1.0,0.3375,1777187959.5091975,1.0,,
0.006317794748321655,95,0.8517189731615817,99,0.25,0.0018773987889289857,10.0,1.0,8923.108962473,80.0,8.219144688645988,1.7881393432617187e-08,2.2527727998602893,1.0,0.061767578125,trivial,0.046934570744633676,1.0,80.0,4.9375205059106495,0.5741772713427579,,0.625,1.926507755901196,1.0,0.25,1777188047.026124,1.0,,
0.006815946756686317,96,0.8430023447624282,100,0.25,0.0019959111232310534,10.0,1.0,9011.108094754,80.0,8.841622488380649,-1.2293457984924316e-08,3.305768361719211,1.0,0.08642578125,trivial,0.04989800714829471,1.0,80.0,5.587462139613365,0.6249181313076333,,0.75,1.8265675998235875,1.0,0.25,1777188135.0251906,1.0,,
0.007067683246428214,97,0.8715336987571584,101,0.3875,0.0025035081431269645,10.0,1.0,9098.53119512,80.0,7.702932394503603,1.4435499906539917e-08,2.669908344160891,1.0,0.2177734375,trivial,0.06258738273754716,1.0,80.0,4.899797207830934,0.5917548497675561,,0.625,1.8892623611186323,1.0,0.3875,1777188222.4483306,1.0,,
0.005613495469277638,98,0.715657981831697,102,0.4375,0.002161772479303181,10.0,0.875,9186.129206162,80.0,7.269302225359516,-1.8044374883174896e-08,-0.9999999999999999,1.0,0.11572265625,trivial,0.05404470989888068,1.0,80.0,4.554620876014116,0.4971152515078099,,0.875,2.5854940643167534,1.0,0.4375,1777188310.046324,1.0,,
0.004358571872366935,99,0.7508273206340014,103,0.7375,0.001996348809916526,10.0,0.875,9274.528631162,80.0,6.796557484980068,8.509960025548934e-09,-0.9999999999999999,1.0,0.2158203125,trivial,0.04990850607500761,1.0,80.0,4.439996154029891,0.5046246154029891,,1.0,2.159048971727071,1.0,0.7375,1777188398.4457188,1.0,,
0.014018595240096826,100,0.8793900713334999,104,0.35,0.0016889379049340883,15.0,1.0,9406.545393453,120.0,2.493891248509737,-1.1175870895385742e-08,0.5356872260758478,1.0,0.048583984375,easy,0.04222380033267351,1.0,120.0,1.3417606491705483,0.4589381153098638,,0.5,0.5884970840329096,1.0,0.35,1777188530.4624035,1.0,,
,100,,105,,,,,9407.71105539,,,,,,,,,,,,,,,,,,1777188531.628873,,"{'_type': 'table-file', 'nrows': 8, 'path': 'media/table/samples/episode_outcomes_105_3121808f621f96709a6d.table.json', 'log_mode': 'IMMUTABLE', 'ncols': 8, 'sha256': '3121808f621f96709a6d163582597128550c1f32f76e2aaa01dfcc5feb16a277', 'size': 953, 'artifact_path': 'wandb-client-artifact://3wc63so5wftksjndjyjqzomcnx9xqa1lplyhr1f2tzpom13ost0ojlkqeg2vwb8dnw9tkco38ru7kc0m4gcf1abtu6mlnvheulkinkmhx6ti49l4g40jiuap4gzsw4jj/samples/episode_outcomes.table.json', '_latest_artifact_path': 'wandb-client-artifact://wj8rvcfdzpu3sl15rgf8jjinrpfi9v72bmh6i279wt2p5kurx2lc1989wd3takxcf7wmuqs4tucs3z5kv355hbijmrdoqa1djmlifredaxo99lnre93tfu6jijjr0tar:latest/samples/episode_outcomes.table.json'}",
0.01494811207444452,101,0.9132916506707577,106,0.35,0.001449774702390035,15.0,1.0,9538.490882837,120.0,1.6784788438753573,-2.7318795522054035e-09,0.2893165271214293,0.875,0.05908203125,easy,0.03624444610516851,1.0,120.0,0.9776575465718171,0.40797676049337306,,0.375,0.41051138680741756,1.0,0.35,1777188662.4080215,1.0,,
0.01302071776636847,102,0.9133238854836768,107,0.7083333333333334,0.0014926473299662272,15.0,1.0,9670.26772039,120.0,2.8304151964229876,-8.692344029744467e-09,0.2893165271214293,0.875,0.0732421875,easy,0.03731613999698311,1.0,120.0,1.2955874942685075,0.5656493009615509,,0.875,0.9369177108719265,1.0,0.7083333333333334,1777188794.1848335,1.0,,
0.018309848773616504,103,0.880750196440728,108,0.3416666666666667,0.0012616048256556193,15.0,1.0,9802.532947568,120.0,1.6173470147859654,3.3527612686157227e-08,1.0326800641303004,1.0,0.0859375,easy,0.03153925828325252,1.0,120.0,1.2799535443403602,0.4721725456522194,,0.375,0.1996791653344672,1.0,0.3416666666666667,1777188926.4500775,1.0,,
0.013885932582939093,104,0.8841894514894888,109,0.3416666666666667,0.0014632233690160016,15.0,1.0,9934.164967864,120.0,1.7949389998369885,-3.2328534871339797e-08,0.5356872260758478,1.0,0.062255859375,easy,0.03658135214742894,1.0,120.0,1.2824709794251001,0.4765291020845911,,0.375,0.38941026169171505,1.0,0.3416666666666667,1777189058.0821319,1.0,,
0.048807027036116654,105,0.8532005286119371,110,0.5,0.0016254882871483763,15.0,1.0,10065.789856513,120.0,2.4403859131037073,-1.6507692635059358e-08,0.31940729915381105,0.875,0.0634765625,easy,0.04063769006364358,1.0,120.0,1.1628001993638861,0.47517691131813466,,0.5,0.719344435941664,1.0,0.5,1777189189.7069983,1.0,,
0.01794478111021117,106,0.8776978039068297,111,0.48333333333333334,0.001267712563276291,15.0,1.0,10198.002096327,120.0,1.5358135937489614,3.625949223836263e-08,0.31940729915381105,0.875,0.05859375,easy,0.03169204431275527,1.0,120.0,1.1292096873076014,0.47542026056804565,,0.5,0.35624269470076964,1.0,0.48333333333333334,1777189321.9191933,1.0,,
0.027350833731978063,107,0.8723876916171817,112,0.48333333333333334,0.001410735941802462,15.0,1.0,10329.734394197,120.0,3.0376894330665225,8.242204785346985e-09,0.4814993266123664,0.875,0.05078125,easy,0.035267868909674385,1.0,120.0,1.0894684872876679,0.4499439750339284,,0.5,0.7760858584446827,1.0,0.48333333333333334,1777189453.651495,1.0,,
0.04000312592488865,108,0.8527448363437883,113,0.4083333333333333,0.0014257149149974188,15.0,1.0,10462.120365868,120.0,2.14196029156568,2.936770518620809e-08,0.31940729915381105,1.0,0.05810546875,easy,0.03564215588849038,1.0,120.0,1.3715123462514833,0.4845051098799345,,0.5,0.5527362350817359,1.0,0.4083333333333333,1777189586.0375106,1.0,,
0.02458311436509737,109,0.9124454301627509,114,0.5083333333333333,0.0014265269041061402,15.0,1.0,10593.351468175,120.0,1.3190655827136777,-3.5390257835388184e-08,0.2893165271214293,0.875,0.091796875,easy,0.035663853756462534,1.0,120.0,0.9260579804323376,0.43944808878359154,,0.5,0.3945228743385339,1.0,0.5083333333333333,1777189717.2686124,1.0,,
0.019817710152586144,110,0.8690963529927983,115,0.30833333333333335,0.0015405350054303805,15.0,1.0,10724.544072129,120.0,2.4933474015684873,1.3969838619232178e-08,0.8573174822706837,1.0,0.045166015625,easy,0.03851319800402659,1.0,120.0,1.2963937906162886,0.45482062719506267,,0.375,0.47515646108482806,1.0,0.30833333333333335,1777189848.4612727,1.0,,
0.014353111763624294,111,0.855324264743888,116,0.29166666666666663,0.0012533250575264296,15.0,1.0,10855.945847432,120.0,2.531688854259043,1.2231369813283284e-08,0.2893165271214293,1.0,0.0751953125,easy,0.031332668592222036,1.0,120.0,1.3732226370055907,0.4604472015733049,,0.375,0.6002823923238033,1.0,0.29166666666666663,1777189979.8629944,1.0,,
0.007431078092526438,112,0.9038849070354906,117,0.6083333333333334,0.0013438691229869923,15.0,1.0,10988.950958297,120.0,2.2970726874230643,1.9868214925130207e-08,0.8573174822706837,1.0,0.08837890625,easy,0.03359626154415309,1.0,120.0,1.3061122115682597,0.5508722950427919,,0.75,0.46480821462275745,1.0,0.6083333333333334,1777190112.8678107,1.0,,
0.02330854296091106,113,0.8674790700732039,118,0.4083333333333333,0.0014081079512834548,15.0,1.0,11121.352591359,120.0,1.4932890874829035,-1.4156103134155273e-08,0.2893165271214293,1.0,0.1162109375,easy,0.035203229853262505,1.0,120.0,0.9329294485003806,0.4001101271606344,,0.375,0.3488492157505432,1.0,0.4083333333333333,1777190245.2697275,1.0,,
0.010187327288262785,114,0.8880960331276057,119,0.7083333333333334,0.0013860042051722606,15.0,1.0,11253.411833085,120.0,1.96903194198508,-1.2991949915885925e-08,0.31940729915381105,1.0,0.078125,easy,0.03465063831536099,1.0,120.0,1.0499978770382268,0.5319804271838066,,0.75,0.46910044882990687,1.0,0.7083333333333334,1777190377.3288486,1.0,,
0.007017637939182939,115,0.9188621585854349,120,0.6833333333333333,0.0012936332573493321,15.0,1.0,11386.110378073,120.0,1.549512941621867,-1.3411045074462891e-08,0.5043221750444429,1.0,0.047607421875,easy,0.03234119377254198,1.0,120.0,1.2342901281187781,0.5793606106025604,,0.75,0.31705751601280924,1.0,0.6833333333333333,1777190510.0274932,1.0,,
0.021579759064100833,116,0.8322529866253416,121,0.45,0.0012669766942660014,15.0,1.0,11519.245163692,120.0,1.7552623870882684,2.6325384775797525e-08,0.9786512823592044,1.0,0.072265625,easy,0.03167374759990101,1.0,120.0,1.305552075326648,0.5010772385080335,,0.5,0.2486949639524667,1.0,0.45,1777190643.1622972,1.0,,
0.009320684707100731,117,0.9273446242864234,122,0.7666666666666667,0.0011036736114571491,15.0,1.0,11651.084056908,120.0,2.396540328202579,3.037663797537486e-08,0.2893165271214293,0.875,0.1025390625,easy,0.027590900069723527,1.0,120.0,1.1643716799233088,0.5708113594224964,,0.875,0.6586462345238171,1.0,0.7666666666666667,1777190775.001111,1.0,,
0.016547303045052867,118,0.8539060138974456,123,0.475,0.0013332635164260865,15.0,1.0,11782.216619978,120.0,1.7357472122366966,-7.326404253641764e-09,0.2893165271214293,1.0,0.06640625,easy,0.033331748398874574,1.0,120.0,1.1000726900302615,0.4763958510670503,,0.5,0.5058063323579735,1.0,0.475,1777190906.1337457,1.0,,
0.014475931223218988,119,0.8680831142661386,124,0.18333333333333335,0.0014546078940232594,15.0,1.0,11913.823685832,120.0,2.6563296241035657,6.953875223795573e-09,1.0752238655534403,1.0,0.0625,easy,0.03636516087766116,1.0,120.0,1.6816749738184051,0.4573829492586784,,0.5,0.6387204243252124,1.0,0.18333333333333335,1777191037.74087,1.0,,
0.014045182699339197,120,0.8250604167619134,125,0.45833333333333337,0.0012247523913780848,15.0,1.0,12048.831278414,120.0,1.696965126197834,-2.7303273479143778e-08,0.31940729915381105,1.0,0.05908203125,easy,0.03061921667152395,1.0,120.0,1.2605212644190535,0.5070455797084705,,0.5,0.3972085838194037,1.0,0.45833333333333337,1777191172.7483637,1.0,,
0.011831131706972713,121,0.896268193837376,126,0.6083333333333334,0.0012626787647604942,15.0,1.0,12180.67663863,120.0,2.0859922159556867,-2.7008354663848877e-08,0.2893165271214293,1.0,0.0771484375,easy,0.031567659523958964,1.0,120.0,1.225646771780737,0.5232983942122613,,0.75,0.6532144900308202,1.0,0.6083333333333334,1777191304.5937905,1.0,,
0.011552545665125188,122,0.8742522804815449,127,0.48333333333333334,0.001511265461643537,15.0,1.0,12312.217555901,120.0,1.5991866188231465,2.9429793357849122e-08,0.2893165271214293,1.0,0.0966796875,easy,0.03778077195941781,1.0,120.0,1.088084101973331,0.47035785122331464,,0.5,0.4307831920614998,1.0,0.48333333333333334,1777191436.1347184,1.0,,
0.012642556003285493,123,0.9054997048296339,128,0.45833333333333337,0.001349018265803655,15.0,1.0,12444.253784343,120.0,1.9155618606192222,1.6142924626668293e-08,0.5356872260758478,1.0,0.09521484375,easy,0.03372516362772634,1.0,120.0,1.2082318674572552,0.48742980408855996,,0.5,0.3881451496287549,1.0,0.45833333333333337,1777191568.1708627,1.0,,
0.04161528259126315,124,0.8590923499177464,129,0.375,0.0012691990782817205,15.0,1.0,12576.924830806,120.0,2.2512585926687594,1.6887982686360677e-08,0.9984841270735327,1.0,0.0751953125,easy,0.0317297912746047,1.0,120.0,1.4583227754272945,0.5064761161328051,,0.375,0.38708747537815247,1.0,0.375,1777191700.842003,1.0,,
0.009443472039200094,125,0.8946584807252598,130,0.5916666666666667,0.0012620977979774276,15.0,1.0,12708.550908999,120.0,1.5621411418080222,9.491729239622752e-09,0.31940729915381105,1.0,0.06298828125,easy,0.031552307594877975,1.0,120.0,1.121505238280283,0.5197423206532608,,0.625,0.3657611341480015,1.0,0.5916666666666667,1777191832.4680302,1.0,,
,125,,131,,,,,12709.815640681,,,,,,,,,,,,,,,,,,1777191833.7333627,,"{'sha256': '0832f9a51c16f71c3af3d5af9ebdce0aa761d6c432245d7ca4c19f8aca33882e', 'log_mode': 'IMMUTABLE', 'ncols': 8, 'artifact_path': 'wandb-client-artifact://7sahfbb5ru5pv3s957ko9qaom6yvozocr09bl4qla1195o8eyiha3bxkajnt4pzt9amyluddkfpx4l8cq83rql730ufclz4slgerz2q9l0rontcmxjr7wc9klpupbkiv/samples/episode_outcomes.table.json', 'path': 'media/table/samples/episode_outcomes_131_0832f9a51c16f71c3af3.table.json', 'size': 898, 'nrows': 8, '_latest_artifact_path': 'wandb-client-artifact://x88xkc5guzjlf674c9gr99bldq6v433iy0fed1g27qr6eydjd3u6qitiuqdiadcz8fbvyk9vckxft847976bzdsp9jmhoms6fuzvzyernc7drjlmjj7hcr4tsooj42xs:latest/samples/episode_outcomes.table.json', '_type': 'table-file'}",
0.01018797389532919,126,0.9003611457729819,132,0.6166666666666667,0.0012910772114992143,15.0,1.0,12840.755390011,120.0,2.578898803881541,-7.82310962677002e-09,0.2893165271214293,0.875,0.0888671875,easy,0.032277251225120075,1.0,120.0,0.9854395047141711,0.47167848370062243,,0.75,0.7271000546305019,1.0,0.6166666666666667,1777191964.6725383,1.0,,
0.010575326679441738,127,0.8631834086632462,133,0.25,0.0012106398741404216,15.0,1.0,12972.439430689,120.0,1.492656899480693,3.203749656677246e-08,1.03750376479941,1.0,0.048828125,easy,0.03026522909058258,1.0,120.0,1.2557204901946453,0.4465739106250055,,0.25,0.13619793952106385,1.0,0.25,1777192096.356608,1.0,,
0.012922018304943743,128,0.8583765766788821,134,0.3333333333333333,0.0013989624877770743,15.0,1.0,13105.092379395,120.0,2.259274789425258,-2.483526865641276e-09,0.5356872260758478,1.0,0.0673828125,easy,0.03497422122163698,1.0,120.0,1.1887355293132955,0.44853710809523695,,0.375,0.4668590824635771,1.0,0.3333333333333333,1777192229.0093563,1.0,,
0.01690261142796035,129,0.849009675428222,135,0.4666666666666667,0.0013173479586839677,15.0,1.0,13237.966558094,120.0,1.55898623578706,-5.3395827611287435e-09,0.8573174822706837,1.0,0.04150390625,easy,0.03293394419597462,1.0,120.0,1.160022157942314,0.4632021263616436,,0.5,0.1934545735948823,1.0,0.4666666666666667,1777192361.8836522,1.0,,
0.03726484693032247,130,0.9150678058064988,136,0.8416666666666667,0.0010644124199946721,15.0,1.0,13369.441648479,120.0,3.973609046772597,2.0271788040796915e-08,0.31940729915381105,0.875,0.10205078125,easy,0.02660985927019889,1.0,120.0,1.3186603340701204,0.5806029317697153,,1.0,1.0551449371454735,1.0,0.8416666666666667,1777192493.358778,1.0,,
0.014226271133692467,131,0.8606664228523291,137,0.35833333333333334,0.0011698748916387559,15.0,1.0,13500.973001484,120.0,2.5145103063564247,5.091230074564616e-09,0.31940729915381105,1.0,0.05517578125,easy,0.02924673457746394,1.0,120.0,1.2371977708902921,0.43801055982238235,,0.5,0.6008203528566985,1.0,0.35833333333333334,1777192624.8901002,1.0,,
0.009273755744714037,132,0.8902804802209748,138,0.43333333333333335,0.0009299711013833682,15.0,1.0,13634.09247727,120.0,2.5339744506689565,-2.0675361156463622e-08,0.8573174822706837,1.0,0.06640625,easy,0.02324986692983657,1.0,120.0,1.5672178482690535,0.5469154009221132,,0.625,0.5407357275074853,1.0,0.43333333333333335,1777192758.0095992,1.0,,
0.008842942424115999,133,0.8834877346185768,139,0.5583333333333333,0.001212019349137942,15.0,1.0,13765.964287963,120.0,2.030611135831086,5.091230074564616e-09,0.31940729915381105,1.0,0.09423828125,easy,0.030300331517355516,1.0,120.0,1.2628211737539912,0.5380399928688426,,0.625,0.47357300780316336,1.0,0.5583333333333333,1777192889.8814216,1.0,,
0.014655367744266803,134,0.8881619684178262,140,0.375,0.001274616022904714,15.0,1.0,13898.202469584,120.0,2.493891248509737,1.7384688059488933e-08,0.8573174822706837,0.875,0.06591796875,easy,0.03186500559483344,1.0,120.0,1.3033740883672142,0.4653886439821966,,0.5,0.5268415309241049,1.0,0.375,1777193022.1194777,1.0,,
0.07086068417663562,135,0.8878219410981786,141,0.6666666666666666,0.001014312853415807,15.0,1.0,14030.048341806,120.0,5.391084995872678,-4.718701044718424e-09,0.31940729915381105,1.0,0.083984375,easy,0.025357845559483394,1.0,120.0,1.6265699191948142,0.5590353469997295,,0.75,1.5529836894410194,1.0,0.6666666666666666,1777193153.9654896,1.0,,
0.019462509542523713,136,0.8947627794729142,142,0.7166666666666667,0.0013117035230000814,15.0,1.0,14163.811034283,120.0,1.7598444796385633,-5.215406417846679e-09,0.5356872260758478,0.875,0.046142578125,easy,0.03279260149380813,1.0,120.0,1.2796929186060122,0.5903607317324578,,0.75,0.3480653607203972,1.0,0.7166666666666667,1777193287.7281158,1.0,,
0.015791905935947974,137,0.8629291742881255,143,0.35,0.0013286893100788197,15.0,1.0,14294.757438633,120.0,1.5048787894018787,-1.6787089407444e-08,0.925557427677675,1.0,0.0732421875,easy,0.03321765452080096,1.0,120.0,1.2026531929332007,0.45391418567594977,,0.375,0.1671126153201604,1.0,0.35,1777193418.674635,1.0,,
0.010798325598259446,138,0.8527503683237371,144,0.625,0.0013220474861251811,15.0,1.0,14428.398811354,120.0,2.4863966221121374,6.28642737865448e-09,0.31940729915381105,1.0,0.1513671875,easy,0.03305090895155445,1.0,120.0,1.487760004680832,0.6026149220397105,,0.75,0.640020528517142,1.0,0.625,1777193552.3158708,1.0,,
0.023501088690073595,139,0.8678579524821207,145,0.75,0.0013195857405662536,15.0,1.0,14560.989538149,120.0,3.068483740143,-3.973642985026042e-09,0.9303983295820575,1.0,0.0634765625,easy,0.032989699971706914,1.0,120.0,1.6830202628438282,0.6486085264352777,,1.0,0.7332011999594759,1.0,0.75,1777193684.9067078,1.0,,
0.012343401242988722,140,0.8537034176091558,146,0.5,0.0014119635491321484,15.0,1.0,14693.548370849,120.0,3.0674664202792843,-1.9072710225979487e-09,0.2893165271214293,1.0,0.1142578125,easy,0.03529906147547687,1.0,120.0,1.5628656819849556,0.5523821103810571,,0.75,0.9176233871578371,1.0,0.5,1777193817.4654982,1.0,,
0.013301208247161063,141,0.8882184650648968,147,0.25,0.00144564143071572,15.0,1.0,14826.119700937,120.0,2.493891248509737,1.0648121436436971e-08,0.8573174822706837,1.0,0.06591796875,easy,0.0361407956496502,1.0,120.0,1.35757455107093,0.43676268320582656,,0.375,0.49924767784047946,1.0,0.25,1777193950.0368261,1.0,,
0.035864554168471355,142,0.9021025375844891,148,0.5833333333333334,0.00096232108771801,15.0,1.0,14958.762326356,120.0,3.3910343272816355,-1.6515453656514487e-08,1.0738172573587184,1.0,0.0810546875,easy,0.024058414956865212,1.0,120.0,1.6443453523929938,0.5834370865126627,,0.75,0.743958948444002,1.0,0.5833333333333334,1777194082.6794891,1.0,,
0.030873052201617967,143,0.8651493779985768,149,0.425,0.0013823566337426503,15.0,1.0,15091.082318563,120.0,2.914674564026462,-3.6942462126413982e-09,1.1536716805682063,1.0,0.109375,easy,0.03455911530375791,1.0,120.0,1.6905358795202239,0.5798108018228516,,0.5,0.5262803976110443,1.0,0.425,1777194214.9994318,1.0,,
0.005567507873281776,144,0.8876115088614429,150,0.6666666666666666,0.001174314816792806,15.0,1.0,15223.509087241,120.0,2.4688831745852244,3.849466641743978e-09,1.1244043159853825,1.0,0.0791015625,easy,0.02935790273671349,1.0,120.0,1.5888738884323514,0.6331507521094915,,0.875,0.38659980618699913,1.0,0.6666666666666666,1777194347.4262626,1.0,,
0.01177728555639479,145,0.8588208892052248,151,0.5,0.0012829363346099853,15.0,1.0,15356.146986154,120.0,1.5233140267352174,8.443991343180338e-09,1.0738172573587184,1.0,0.1259765625,easy,0.032073136331746355,1.0,120.0,1.3239330514389267,0.51595554653118,,0.625,0.1487978942715846,1.0,0.5,1777194480.0640202,1.0,,
0.006604054671065361,146,0.8402396806186697,152,0.525,0.0009344831109046936,15.0,1.0,15488.616953984,120.0,2.266423759228982,-3.476937611897787e-08,0.31940729915381105,1.0,0.058837890625,easy,0.0233628795928477,1.0,120.0,1.2276503697789294,0.48970218264484144,,0.75,0.530251296070094,1.0,0.525,1777194612.5337865,1.0,,
0.017617849036749296,147,0.8567345108125355,153,0.6833333333333333,0.0013323456048965454,15.0,1.0,15622.164198393,120.0,2.7026119234111223,1.6763806343078613e-08,1.1776545785421884,1.0,0.07275390625,easy,0.033308292576111856,1.0,120.0,1.5825425753003382,0.6149212849219102,,0.875,0.4479643065865628,1.0,0.6833333333333333,1777194746.0812666,1.0,,
0.012164793111097149,148,0.8189244912143298,154,0.225,0.0011100302450358867,15.0,1.0,15755.327273494,120.0,2.546011385519692,1.511846979459127e-08,1.147159433114101,1.0,0.06787109375,easy,0.027750334011701246,1.0,120.0,1.5154660372196862,0.45108259575635273,,0.375,0.4582179907684306,1.0,0.225,1777194879.2444406,1.0,,
0.07469676339273379,149,0.8260934965715742,155,0.30833333333333335,0.0012132364014784496,15.0,1.0,15889.323188279,120.0,4.384918917627682,-2.359350522359212e-08,1.1082241042028032,1.0,0.07421875,easy,0.03033152676653117,1.0,120.0,2.1057328855094495,0.5275613058387033,,0.625,1.022404644174527,1.0,0.30833333333333335,1777195013.2403584,1.0,,
0.04645728284640136,150,0.8577718099619581,156,0.5916666666666667,0.001193959265947342,15.0,1.0,16022.522772531,120.0,4.132052667540373,-2.9802322387695314e-09,0.9303983295820575,1.0,0.048095703125,easy,0.029849188553635032,1.0,120.0,2.0406308728716356,0.6362371071383188,,0.875,1.0652274978675267,1.0,0.5916666666666667,1777195146.439894,1.0,,
,150,,157,,,,,16023.795350245,,,,,,,,,,,,,,,,,,1777195147.7131615,,"{'nrows': 8, 'sha256': '2f55265e775b87faa807a3c60c9e559650d89733c5743474a4052c5b65dd834e', 'artifact_path': 'wandb-client-artifact://8qixc1gx8ynzk47k5tuubvllrp8euuipvvzu46ixgynmd15x5fya88ve11dgg1kb1wcgsehrfe3n018iviajc44qtylj2mwt2lzpz771mozqo67wm90e8t7vax0wyxpa/samples/episode_outcomes.table.json', 'path': 'media/table/samples/episode_outcomes_157_2f55265e775b87faa807.table.json', '_latest_artifact_path': 'wandb-client-artifact://i60gzsl312g94g4hdmses50fvcm66p7u3lrrlq8knarakdd8ko0ssx37kk4ols6g3hofzqhuoh1qhnbdbjzuj3nye2rpidqnzzck2wykhkjhxp80k5rvsb87f7hu8b0x:latest/samples/episode_outcomes.table.json', '_type': 'table-file', 'size': 930, 'log_mode': 'IMMUTABLE', 'ncols': 8}",
0.07056793373852274,151,0.8949114280526188,158,0.475,0.001003187894821167,15.0,1.0,16155.994384058,120.0,5.562544280858796,-1.7384688059488933e-09,0.2893165271214293,1.0,0.08740234375,easy,0.025079623780523738,1.0,120.0,1.7896590277463524,0.4972877934252933,,0.75,1.5737061479979197,1.0,0.475,1777195279.9113975,1.0,,
0.07109919761450724,152,0.8767319059133937,159,0.4583333333333333,0.0012309588491916656,15.0,1.0,16289.133036084,120.0,5.449636838869454,-6.20881716410319e-09,1.0088791961572396,0.875,0.0986328125,easy,0.030774265725631265,1.0,120.0,1.7018546811293618,0.5386367299128552,,0.5,1.4180946458109378,1.0,0.4583333333333333,1777195413.0501437,1.0,,
0.02713815493664326,153,0.8485970216761102,160,0.18333333333333335,0.0011996579977373281,15.0,1.0,16421.168951289,120.0,3.280512402177624,2.8607125083605447e-08,0.7895510675238624,1.0,0.08447265625,easy,0.029990697892693183,1.0,120.0,1.3822793982461805,0.428009640407195,,0.25,0.7582694369303087,1.0,0.18333333333333335,1777195545.0860858,1.0,,
0.006331410986915489,154,0.8637551151428019,161,0.6833333333333333,0.0009991202503442764,15.0,1.0,16554.86947693,120.0,2.796139448377473,8.568167686462402e-09,0.5043221750444429,1.0,0.0810546875,easy,0.02497765518783126,1.0,120.0,1.7856443953354089,0.6588872852081415,,1.0,0.6704269069396244,1.0,0.6833333333333333,1777195678.7866595,1.0,,
0.09502344393056703,155,0.8679850873801043,162,0.425,0.0009961212674776713,15.0,1.0,16688.30186131,120.0,5.928141429581863,7.237152506907781e-09,0.8743716679343277,1.0,0.0869140625,easy,0.024902978221264978,1.0,120.0,2.1811706066460146,0.5528080826107861,,0.625,1.528637494593071,1.0,0.425,1777195812.218937,1.0,,
0.012945413875140947,156,0.8689203142454016,163,0.25,0.001145499882598718,15.0,1.0,16820.06968359,120.0,1.6247588500458559,-2.055118481318156e-08,0.8573174822706837,0.875,0.08935546875,easy,0.028637964662630112,1.0,120.0,1.2628997610626334,0.43873795136190763,,0.25,0.2832127662704942,1.0,0.25,1777195943.986838,1.0,,
0.011772067518850418,157,0.8245629639907341,164,0.36666666666666664,0.0010156800349553426,15.0,1.0,16952.618751303,120.0,2.5888774162541384,-1.8378098805745444e-08,1.074613318041035,1.0,0.07373046875,easy,0.025392512682204445,1.0,120.0,1.6699001159908993,0.5201109273634061,,0.625,0.5280402984385171,1.0,0.36666666666666664,1777196076.5357924,1.0,,
0.02295055710707664,158,0.8173352491259861,165,0.3666666666666667,0.0012304741889238358,15.0,1.0,17086.140590321,120.0,2.747240806232666,-1.663962999979655e-08,0.9403319764873412,1.0,0.06689453125,easy,0.030762164498446508,1.0,120.0,1.937566408412368,0.5286837511009637,,0.875,0.5117511293861966,1.0,0.3666666666666667,1777196210.0577364,1.0,,
0.009595220110511747,159,0.8399679290937517,166,0.45833333333333337,0.0009912357355157534,15.0,1.0,17218.984635612,120.0,2.91311718647548,2.551823854446411e-08,1.0570639049296546,1.0,0.076171875,easy,0.02477997441601474,1.0,120.0,1.655708502024145,0.5144864352596727,,0.875,0.565693782425785,1.0,0.45833333333333337,1777196342.901831,1.0,,
0.009564313511472114,160,0.8353526880669687,167,0.5583333333333333,0.0009286031941883266,15.0,1.0,17351.956365232,120.0,2.7898746799969887,-9.24725706378619e-09,0.31940729915381105,1.0,0.0966796875,easy,0.02321540106786415,1.0,120.0,1.507877026144728,0.5489679870935461,,0.75,0.6583375344070531,1.0,0.5583333333333333,1777196475.8735113,1.0,,
0.00778084370128135,161,0.8339417271628645,168,0.6,0.0012967046971122424,15.0,1.0,17484.997143119,120.0,2.6892990870285867,3.781169652938843e-08,0.5764555648013006,1.0,0.1025390625,easy,0.03241676811594516,1.0,120.0,1.4671048493288346,0.5480296283067021,,0.875,0.6534442007577548,1.0,0.6,1777196608.9142725,1.0,,
0.026488705370889258,162,0.871512883925732,169,0.5166666666666667,0.0009386361576616764,15.0,1.0,17619.034369184,120.0,1.8234221877097774,1.3659397761027017e-09,0.7071233613010959,1.0,0.0732421875,easy,0.02346597345507083,1.0,120.0,1.14176828278029,0.5055074308061429,,0.5,0.34051317113805646,1.0,0.5166666666666667,1777196742.9515152,1.0,,
0.010221257251640367,163,0.8862525781474999,170,0.6583333333333333,0.0009317777430017789,15.0,1.0,17752.320531806,120.0,2.5548324880858844,-1.893689235051473e-09,1.1913542754377464,0.875,0.052734375,easy,0.02329456456936896,1.0,120.0,1.5224853364570239,0.6314550595743808,,0.75,0.4082694800057408,1.0,0.6583333333333333,1777196876.2376842,1.0,,
0.038841570269726615,164,0.8480718591848679,171,0.5166666666666666,0.0009037089844544728,15.0,1.0,17884.62961956,120.0,4.023396454359327,2.6573737462361655e-08,0.601165243490718,1.0,0.06298828125,easy,0.022592036833520977,1.0,120.0,1.8025196778228123,0.5683467393754482,,0.75,1.0303136715203516,1.0,0.5166666666666666,1777197008.546755,1.0,,
0.011291083652621048,165,0.8353971064159598,172,0.5083333333333333,0.000809518030534188,15.0,1.0,18017.597663953,120.0,1.9403313287813218,-5.277494589487711e-10,1.1794623800761814,1.0,0.0693359375,easy,0.02023799085097077,1.0,120.0,1.3843870674970908,0.5363368037025432,,0.625,0.22823371503300757,1.0,0.5083333333333333,1777197141.5148118,1.0,,
0.013022407711610211,166,0.8359114362989691,173,0.4,0.0014339049657185873,15.0,1.0,18151.159558444,120.0,2.6829417890443237,1.4901161193847656e-08,0.9513113040438385,1.0,0.06787109375,easy,0.03584721992568423,1.0,120.0,1.808770064601675,0.5522724334218264,,0.75,0.6888436453722281,1.0,0.4,1777197275.0766532,1.0,,
0.06544590972255997,167,0.8344525027325564,174,0.5,0.0009033959358930588,15.0,1.0,18285.328154587,120.0,2.9484255787926124,-5.463759104410807e-09,0.9786397880670541,1.0,0.06884765625,easy,0.022585050309620176,1.0,120.0,1.9936359347993673,0.5810502397055118,,0.875,0.6224458456661597,1.0,0.5,1777197409.2453141,1.0,,
0.036752865540074904,168,0.8599060924095934,175,0.425,0.0010463044047355652,15.0,1.0,18418.756066312,120.0,2.988828653636552,-1.663962999979655e-08,0.7257558950800784,1.0,0.0634765625,easy,0.026158063949939483,1.0,120.0,1.6225246067829344,0.5301430354157531,,0.625,0.7286687040426262,1.0,0.425,1777197542.6732085,1.0,,
0.012333470873319765,169,0.8403722208016791,176,0.35833333333333334,0.0009159440795580546,15.0,1.0,18551.51196188,120.0,2.545590149361838,0.0,0.8573174822706837,1.0,0.08740234375,easy,0.022898681830459584,1.0,120.0,1.8041124135351665,0.5226438133560645,,0.75,0.6324843246519524,1.0,0.35833333333333334,1777197675.429077,1.0,,
0.01046591435317546,170,0.8956600557584282,177,0.5583333333333333,0.0007922990868488947,15.0,1.0,18684.265821228,120.0,1.9600814440719738,8.195638656616212e-09,0.9459779856756885,1.0,0.08056640625,easy,0.019807308388408273,1.0,120.0,1.3100000904390143,0.5500000009661431,,0.625,0.3197466492337125,1.0,0.5583333333333333,1777197808.1829035,1.0,,
0.018187573479839157,171,0.8653224572293363,178,0.725,0.0008492288490136464,15.0,1.0,18817.579446889,120.0,3.067459977057698,-5.587935447692871e-09,0.7209284003241205,1.0,0.07275390625,easy,0.02123110935790464,1.0,120.0,1.598535236212859,0.6359292647852003,,0.875,0.7353882913110146,1.0,0.725,1777197941.4965575,1.0,,
0.009138339512239656,172,0.8863762614324935,179,0.4666666666666667,0.0008073254798849423,15.0,1.0,18950.089682082,120.0,2.5319668049219493,-2.5642414887746177e-08,1.031277054424089,1.0,0.08056640625,easy,0.020183656688701982,1.0,120.0,1.5651818729960918,0.5652971682247597,,0.625,0.46998245695701635,1.0,0.4666666666666667,1777198074.0068457,1.0,,
0.024088349867726986,173,0.8322397306899653,180,0.6583333333333333,0.0009145595133304596,15.0,1.0,19082.957375103,120.0,3.0283847402462625,1.241763432820638e-09,1.1618759340104419,1.0,0.08447265625,easy,0.022864112832273045,1.0,120.0,1.8009502732024316,0.654607494221979,,0.875,0.6577748764902074,1.0,0.6583333333333333,1777198206.874186,1.0,,
0.027335983146328537,174,0.820604963443677,181,0.4916666666666667,0.0010642570753892262,15.0,1.0,19216.58778479,120.0,3.1469245739961553,2.0116567611694337e-08,1.1244043159853825,1.0,0.0771484375,easy,0.026605805459742744,1.0,120.0,1.8340787086522974,0.5575508082216503,,0.875,0.7034596894873016,1.0,0.4916666666666667,1777198340.5049796,1.0,,
0.010467266596211607,175,0.7848068870924262,182,0.45833333333333337,0.0010245256125926971,15.0,1.0,19351.812261541,120.0,2.886373178953618,2.0861625671386717e-08,0.7629977140174506,1.0,0.087890625,easy,0.025612611963879317,1.0,120.0,1.7667322725221672,0.5581202433806357,,0.75,0.7046232425819349,1.0,0.45833333333333337,1777198475.7294025,1.0,,
,175,,183,,,,,19353.272191744,,,,,,,,,,,,,,,,,,1777198477.1899433,,"{'nrows': 8, 'path': 'media/table/samples/episode_outcomes_183_fabae7077df642e630fd.table.json', 'artifact_path': 'wandb-client-artifact://ijygzli7fmljzv1msvjltwsk3xlxckb02zqz1uagyrvnpxmn77svuwrjd2hevsv9hwrfjb5cjxqvwzn7ht4c0wjvjueruwm6geltlxhts2whnnk9jvxbckzfgpvgjllp/samples/episode_outcomes.table.json', 'ncols': 8, 'sha256': 'fabae7077df642e630fdbe2c558b47da61a1859a4b57e562b9d46a4786d37fc4', 'size': 1014, '_type': 'table-file', 'log_mode': 'IMMUTABLE', '_latest_artifact_path': 'wandb-client-artifact://qn095cgn39157eevs9c6qc71ftps257w9dx0nighqn8mgzyujumfmef2cwg5izcpukhwcsas53vu64ithfp2hwzt9bxomqcc6us8grrjicu6ta60c5u7jd86w9zb6lum:latest/samples/episode_outcomes.table.json'}",
0.07021871522202036,176,0.8038031711129541,184,0.35833333333333334,0.0009902678740521273,15.0,1.0,19486.117368374,120.0,2.526835575043715,7.419536511103312e-09,0.9459779856756885,1.0,0.0673828125,easy,0.02475648436617727,1.0,120.0,1.625828767920198,0.5047842470131869,,0.5,0.49008729219617836,1.0,0.35833333333333334,1777198610.0344212,1.0,,
0.012909960984143688,177,0.8243363600118497,185,0.36666666666666664,0.0009378998229900996,15.0,1.0,19619.037431762,120.0,2.5362530945893393,1.0306636492411295e-08,0.31940729915381105,1.0,0.09521484375,easy,0.023447272206734246,1.0,120.0,1.2114756117132557,0.47688278628141617,,0.375,0.6005967067809643,1.0,0.36666666666666664,1777198742.954578,1.0,,
0.017922001156880536,178,0.7928121452681263,186,0.35,0.0009149987871448199,15.0,1.0,19755.316525972,120.0,2.041344480586072,9.375313917795817e-09,0.7192740622657319,1.0,0.1181640625,easy,0.02287463302297207,1.0,120.0,1.3432546824631248,0.4513610286969282,,0.5,0.40069727182883824,1.0,0.35,1777198879.2336326,1.0,,
0.022594526539873455,179,0.8236027619776733,187,0.3333333333333333,0.0009429184099038442,15.0,1.0,19890.402713315,120.0,2.881788591953733,-2.9802322387695314e-09,1.1498308621905349,1.0,0.11572265625,easy,0.023573036200832575,1.0,120.0,1.9733492815007252,0.5714359991240655,,0.625,0.6182270320921573,1.0,0.3333333333333333,1777199014.3198164,1.0,,
0.034286580349252485,180,0.8104134655051735,188,0.3666666666666667,0.0010393382670978704,15.0,1.0,20023.624849658,120.0,2.7441262835558824,-3.3527612686157227e-09,0.9815501673827525,1.0,0.09130859375,easy,0.02598337927289928,1.0,120.0,1.6776012078643694,0.49601020618430436,,0.625,0.5447068961673006,1.0,0.3666666666666667,1777199147.5419154,1.0,,
0.00599357317346737,181,0.850694601719187,189,0.5666666666666667,0.001097637414932251,15.0,1.0,20156.944330171,120.0,2.4798769174783932,2.6822090148925782e-08,1.2605534119436232,1.0,0.058837890625,easy,0.027440188142160576,1.0,120.0,1.6474968198191011,0.6157241003566406,,0.75,0.41676063189599877,1.0,0.5666666666666667,1777199280.8614557,1.0,,
0.022412256437766905,182,0.7852762685926288,190,0.3333333333333333,0.0011412941579086084,15.0,1.0,20292.574810351,120.0,2.7430227953000785,-9.546056389808654e-10,0.7580061574696229,1.0,0.11865234375,easy,0.028532377364657198,1.0,120.0,1.9236588257733989,0.4986768845184194,,0.875,0.624636414784981,1.0,0.3333333333333333,1777199416.4918907,1.0,,
0.054001870190827854,183,0.7944662215601048,191,0.4083333333333333,0.0007862790177265803,15.0,1.0,20426.383930576,120.0,2.511000295993962,-3.166496753692627e-09,0.6174423620827221,1.0,0.07421875,easy,0.01965708626861063,1.0,120.0,1.6638769160332996,0.5492058944123318,,0.5,0.549111867144223,1.0,0.4083333333333333,1777199550.30102,1.0,,
0.01792024700059479,184,0.83455911620215,192,0.43333333333333335,0.0010211277753114701,15.0,1.0,20559.817441467,120.0,3.009802170450307,7.2332719961802164e-09,0.7895510675238624,1.0,0.08349609375,easy,0.025527912767332357,1.0,120.0,1.8959594407184523,0.5516874690803715,,0.875,0.5883469336538419,1.0,0.43333333333333335,1777199683.734427,1.0,,
0.021753376157029523,185,0.7937138466144601,193,0.3416666666666667,0.000851446141799291,15.0,1.0,20692.810567948,120.0,3.297406204629295,-7.450580596923828e-09,1.0477968161061415,1.0,0.061279296875,easy,0.02128641049688061,1.0,120.0,1.662024629616795,0.48747583198531785,,0.625,0.7342555832128503,1.0,0.3416666666666667,1777199816.7277062,1.0,,
0.014369971830912586,186,0.8386187560468503,194,0.5916666666666667,0.0009153148780266444,15.0,1.0,20827.330398269,120.0,2.960392123947782,-5.004306634267171e-08,1.1563349809434575,1.0,0.12109375,easy,0.022884139123683176,1.0,120.0,1.6745529150040412,0.6305493031166589,,0.75,0.5619939975098268,1.0,0.5916666666666667,1777199951.2475348,1.0,,
0.04004070035003597,187,0.8418985511089602,195,0.6166666666666667,0.0008977475265661875,15.0,1.0,20963.965968024,120.0,3.590279704028908,1.924733320871989e-08,0.4510619210673628,1.0,0.07958984375,easy,0.022443216248454214,1.0,120.0,1.9611562869926396,0.6343700264927181,,0.875,0.9392525876306755,1.0,0.6166666666666667,1777200087.8831072,1.0,,
0.011204210522871358,188,0.805668642837263,196,0.3333333333333333,0.0006332580038967232,15.0,1.0,21099.605311944,120.0,2.3408354903865902,3.364402800798416e-09,0.9648183798966312,1.0,0.06494140625,easy,0.015831343117558086,1.0,120.0,1.7419044523751055,0.49528999157836145,,0.75,0.41407044898158374,1.0,0.3333333333333333,1777200223.5223234,1.0,,
0.010085280679136423,189,0.7837393519809802,197,0.36666666666666664,0.001002697894970576,15.0,1.0,21233.486722907,120.0,2.3357925914913973,7.152557373046875e-08,1.1556816258081515,1.0,0.0732421875,easy,0.02506574226766437,1.0,120.0,1.6380021669290608,0.4795818806468111,,0.75,0.450533548263248,1.0,0.36666666666666664,1777200357.4038432,1.0,,
0.0287735352178451,190,0.8073876591540258,198,0.3833333333333333,0.0007361799478530883,15.0,1.0,21368.08300066,120.0,2.978061252322207,-2.359350522359212e-08,0.9222172321252466,1.0,0.07470703125,easy,0.01840510728264538,1.0,120.0,1.4947924745202787,0.4545893178006976,,0.625,0.6430767853112098,1.0,0.3833333333333333,1777200492.000139,1.0,,
0.01395101459894565,191,0.8350564492926034,199,0.4666666666666667,0.0007698838909467061,15.0,1.0,21501.564577079,120.0,2.3819525851168657,3.3527612686157227e-09,1.3501915082496798,1.0,0.0576171875,easy,0.019246818762621843,1.0,120.0,1.6618861939193703,0.5761748596755262,,0.625,0.33617859261782607,1.0,0.4666666666666667,1777200625.4816964,1.0,,
0.004944203855314282,192,0.8320233037287289,200,0.575,0.000767765628794829,15.0,1.0,21634.313753995,120.0,2.2513219863799687,2.974023421605428e-08,0.951657408932717,1.0,0.07080078125,easy,0.019193273443185412,1.0,120.0,1.5188329517514472,0.593327693549533,,0.75,0.3616841141840136,1.0,0.575,1777200758.2309072,1.0,,
0.007024790776385446,193,0.7999654888809918,201,0.575,0.0009072838040689627,15.0,1.0,21769.049811191,120.0,2.3680693380088376,-4.498288035392761e-08,0.5043221750444429,1.0,0.177734375,easy,0.022683365398552268,1.0,120.0,1.8000616032996901,0.5981513516157028,,1.0,0.548025562711219,1.0,0.575,1777200892.9669263,1.0,,
0.010855460370779918,194,0.8427000791343697,202,0.5750000000000001,0.000841763491431872,15.0,1.0,21903.746910803,120.0,2.216550800979372,6.084640820821126e-09,0.5950958375510251,1.0,0.10498046875,easy,0.021043806998447205,1.0,120.0,1.35387525504211,0.5067927138729881,,0.875,0.5026404347848024,1.0,0.5750000000000001,1777201027.664056,1.0,,
0.01077732512785572,195,0.8373486702775141,203,0.7583333333333333,0.0007098720797027151,15.0,1.0,22038.451700452,120.0,2.791604544068581,2.167653292417526e-08,0.5145290999647474,1.0,0.07275390625,easy,0.017746121092932297,1.0,120.0,1.63676891890212,0.6569411987099821,,1.0,0.675266284223046,1.0,0.7583333333333333,1777201162.36885,1.0,,
0.008821580873519724,196,0.8055288297875945,204,0.3,0.0009075820756455263,15.0,1.0,22172.791057717,120.0,2.7549939558211207,2.697731057802836e-08,0.7048939830334904,1.0,0.06591796875,easy,0.022688863203317547,1.0,120.0,1.9140259908956816,0.5387994044133743,,0.625,0.6894019603606683,1.0,0.3,1777201296.7080421,1.0,,
0.006356861004872617,197,0.8174750868002502,205,0.65,0.0007289376109838486,15.0,1.0,22307.298691108,120.0,2.4612766669340616,3.3527612686157227e-09,0.31940729915381105,1.0,0.12451171875,easy,0.018223493144614623,1.0,120.0,1.7051874157141524,0.6184277504778835,,1.0,0.7266120993679914,1.0,0.65,1777201431.215791,1.0,,
0.016234435179899403,198,0.8258519342198162,206,0.65,0.0007190607798596223,15.0,1.0,22442.081372775,120.0,3.107440561378842,4.327545563379924e-08,0.7405334051939054,1.0,0.10400390625,easy,0.017975362386399258,1.0,120.0,1.7388135143926844,0.6423217819829894,,0.875,0.6828318420926307,1.0,0.65,1777201565.9984407,1.0,,
0.014787888924684392,199,0.8321398029775512,207,0.625,0.000645631529429617,15.0,1.0,22578.232345123,120.0,2.4540879977433816,1.1961674317717553e-09,1.5065465584324287,1.0,0.056884765625,easy,0.016140732726004595,1.0,120.0,2.0788424221421584,0.6874634074774663,,1.0,0.343927494720505,1.0,0.625,1777201702.1494892,1.0,,
