_timestamp,loss,difficulty,reward_component/docking,_step,_runtime,samples/episode_outcomes,action_type/ADD_FRAGMENT,verifier/lipinski_pass_rate,reward_std,verifier/truncation_rate,episode/diversity_unique_pct,kl,min_reward,reward_component/sa,parse_rate,policy_loss,mean_reward,max_reward,step,episode/mean_length,verifier/invalid_action_rate,invalid_action_rate,verifier/parse_rate,reward_component/qed,grad_norm,n_transitions,reward_component/toxicity_clean
1777187636.7321463,0.029756069369614124,trivial,0.0047154073740179134,0,24.46424758,,80.0,0.75,1.2465214263913917,1.0,0.75,0.7439012080430984,2.872020447088789,0.909625510415006,0.0,2.4400651454925536e-08,4.996946628815355,6.1901359782506455,0,10.0,0.0,0.0,0.0,0.5117666980351563,0.2177734375,80.0,1.0
1777187637.4792182,,,,1,25.210635114,"{'artifact_path': 'wandb-client-artifact://b6tvbqzajvjrhu7djl11k64hh8h73eegawk9z8vzryvb2j5i43dw7vb44qvgopn0o4son4cmvtvhizgws5bxv2yj2q130lfrgj6tqkmkj2kho41ixythhrcn9difyvft/samples/episode_outcomes.table.json', '_latest_artifact_path': 'wandb-client-artifact://0xqxss1zqqcsenftqlttrol0wgv1qbj1y4ktpkc66vbpasb0dy9gbb85fh30i085bxbpjm7yuay4vgsugqc5s3ekldgsrqlqumotczey2lcoo251c7cvpf1fqdjozwqc:latest/samples/episode_outcomes.table.json', 'ncols': 8, 'path': 'media/table/samples/episode_outcomes_1_fe719b18b4c8f9696a13.table.json', '_type': 'table-file', 'nrows': 8, 'sha256': 'fe719b18b4c8f9696a13d664cfe19eb859727da8fa6f216eaf614464266692cb', 'log_mode': 'IMMUTABLE', 'size': 800}",,,,,,,,,,,,,0,,,,,,,,
1777187659.4746344,0.03218579161912203,trivial,0.0053852456500780585,2,47.206581806,,80.0,0.5,2.2281314407427266,1.0,0.875,0.8046449400484562,-0.9999999999999999,0.8167142425918873,0.0,-1.1548399925231934e-08,3.343331674528363,6.147483591005134,1,10.0,0.125,0.125,0.0,0.4196021884345857,0.43359375,80.0,0.875
1777187681.8616564,0.029526256024837494,trivial,0.004167341217374744,3,69.593699347,,80.0,0.375,1.4361502979338068,1.0,0.625,0.7381565809249878,2.872020447088789,0.8712194103068313,0.0,-5.960464477539063e-09,3.9880286473800224,6.147483591005134,2,10.0,0.0,0.0,0.0,0.5038471906338536,0.6015625,80.0,1.0
1777187704.2038,0.02985007669776678,trivial,0.0034641272404179455,4,91.935819073,,80.0,0.375,2.022809649823417,1.0,0.625,0.7462522905319929,-0.9999999999999999,0.8014645221112153,0.0,-2.048909664154053e-09,3.1539763063347546,6.147483591005134,3,10.0,0.125,0.125,0.0,0.43973500448212893,0.52734375,80.0,0.875
1777187726.3281844,0.0287005215883255,trivial,0.004261554504786243,5,114.060174413,,80.0,0.75,2.923204195486304,1.0,0.75,0.7175133470445871,-0.9999999999999999,0.5718679521971117,0.0,-8.102506399154662e-09,2.3938586141513882,5.8836072300661595,4,10.0,0.375,0.375,0.0,0.300117029480289,0.50390625,80.0,0.625
1777187748.655199,0.027191709354519845,trivial,0.004334261029566023,6,136.387170072,,80.0,0.875,2.37107957109141,1.0,0.75,0.6797937657684088,-0.9999999999999999,0.77523570950212,0.0,-3.650784492492676e-08,4.571932990656908,6.149711264294099,5,10.0,0.125,0.125,0.0,0.45680937241727904,0.75,80.0,0.875
1777187770.9859707,0.026874169986695052,trivial,0.004725641972758882,7,158.718127978,,80.0,0.875,1.029145177810955,1.0,0.875,0.671854892000556,2.8937423652008736,0.902495920403645,0.0,-2.6822090148925782e-08,5.478952042225664,6.1901359782506455,6,10.0,0.0,0.0,0.0,0.5290669837875774,0.326171875,80.0,1.0
1777187793.4726267,0.025631664879620077,trivial,0.003963227616606002,8,181.204594349,,80.0,1.0,2.2428978085072253,1.0,0.75,0.6407914981245995,-0.9999999999999999,0.7589997406262781,0.0,-2.048909664154053e-09,4.882310372718178,6.1901359782506455,7,10.0,0.125,0.125,0.0,0.45698103727181777,0.50390625,80.0,0.875
1777187816.3651402,0.025442830100655556,trivial,0.005310010199713129,9,204.097142765,,80.0,0.875,2.4574257753673168,1.0,0.75,0.6360713317990303,-0.9999999999999999,0.798870080662084,0.0,-1.4901161193847656e-08,4.568968895504991,6.149711264294099,8,10.0,0.125,0.125,0.0,0.4489562780506384,0.46484375,80.0,0.875
1777187839.1952362,0.02453295886516571,trivial,0.007044784303797016,10,226.927202912,,80.0,0.375,1.6413616545633083,1.0,0.625,0.613323999196291,2.064751080011144,0.9334604985592686,0.0,7.450580596923829e-10,3.804340718755352,6.147483591005134,9,10.0,0.0,0.0,0.0,0.47056818757084656,0.38671875,80.0,1.0
1777187862.0946279,0.02463008277118206,trivial,0.005333026315935318,11,249.82666245,,80.0,0.5,2.2179801222548523,1.0,0.875,0.6157528672367334,-0.9999999999999999,0.8168078589968615,0.0,-3.3527612686157227e-08,3.33458358177322,6.147483591005134,10,10.0,0.125,0.125,0.0,0.4187273791590714,0.310546875,80.0,0.875
1777187885.2829463,0.02314220629632473,trivial,0.0037368284631471567,12,273.014920155,,80.0,0.875,2.3825902290939127,1.0,1.0,0.5785547859966755,-0.9999999999999999,0.7927187713221067,0.0,1.1548399925231934e-08,4.680291069437342,6.1901359782506455,11,10.0,0.125,0.125,0.0,0.46795088650874506,0.384765625,80.0,0.875
1777187907.8677988,0.024715030286461114,trivial,0.004235504587817509,13,295.599922622,,80.0,0.875,0.9732866900612707,1.0,0.75,0.6178764440119267,2.872020447088789,0.8942682543758985,0.0,-2.1886080503463745e-08,5.313465727468502,6.1901359782506455,12,10.0,0.0,0.0,0.0,0.5122468283354601,0.341796875,80.0,1.0
1777187930.2409005,0.025844956934452056,trivial,0.005438940096867705,14,317.97279564,,80.0,0.875,2.9470434589557124,1.0,0.75,0.646124167367816,-0.9999999999999999,0.6797107545317682,0.0,-8.940696716308593e-09,3.645891456915581,6.149711264294099,13,10.0,0.25,0.25,0.0,0.3753985341916974,0.46875,80.0,0.75
1777187952.9190931,0.02710416167974472,trivial,0.005251363023518117,15,340.650975226,,80.0,0.625,2.289935901565197,1.0,0.625,0.6776032973080873,-0.9999999999999999,0.8074199045663377,0.0,3.091990947723389e-08,3.674590455095947,6.1901359782506455,14,10.0,0.125,0.125,0.0,0.4288072655643594,0.51171875,80.0,0.875
1777187976.434025,0.026608490198850632,trivial,0.005050873478006172,16,364.166002085,,80.0,0.625,1.5505082524707992,1.0,0.75,0.665212107077241,2.5692858681270585,0.902896672389297,0.0,1.0430812835693359e-08,4.658743610010342,6.147483591005134,15,10.0,0.0,0.0,0.0,0.5085067632928206,0.3671875,80.0,1.0
1777187999.64847,0.024217771738767623,trivial,0.0061868277403163315,17,387.380442168,,80.0,0.625,1.6467174005072438,1.0,0.625,0.6054447889328003,2.064751080011144,0.926201751597385,0.0,-2.0116567611694337e-08,4.712022404374539,6.149711264294099,16,10.0,0.0,0.0,0.0,0.5068551880676151,0.50390625,80.0,1.0
1777188022.9728446,0.022992775589227677,trivial,0.0034579327076391044,18,410.704806406,,80.0,0.75,2.29281846885484,1.0,0.75,0.5748187605291605,-0.9999999999999999,0.7905257943618835,0.0,2.9802322387695312e-08,4.1407121960245785,6.149711264294099,17,10.0,0.125,0.125,0.0,0.44516477873247967,0.337890625,80.0,0.875
1777188047.42913,0.022144002467393877,trivial,0.004618891712408479,19,435.161010124,,80.0,0.875,2.3439563610046443,1.0,0.75,0.5535998869687319,-0.9999999999999999,0.7979324641351528,0.0,1.1920928955078126e-08,4.505371555912401,6.1901359782506455,18,10.0,0.125,0.125,0.0,0.45015322894282833,0.353515625,80.0,0.875
1777188071.0675137,0.023139551281929016,trivial,0.00801132924228849,20,458.799505283,,80.0,0.625,1.7514594679556275,1.0,0.75,0.5784888107329607,2.064751080011144,0.9260393313052263,0.0,-3.7252902984619143e-10,4.5467745173021425,6.1901359782506455,19,10.0,0.0,0.0,0.0,0.4824680082955038,0.34765625,80.0,1.0
1777188095.831954,0.022877860814332962,trivial,0.004079283793244284,21,483.564001328,,80.0,0.75,2.4327570854848113,1.0,0.75,0.5719463596120477,-0.9999999999999999,0.8087829836415987,0.0,1.4901161193847657e-09,4.299693419745831,6.1901359782506455,20,10.0,0.125,0.125,0.0,0.4607571948911823,0.328125,80.0,0.875
1777188119.5157595,0.02459278516471386,trivial,0.00565907089090797,22,507.247730604,,80.0,0.25,1.3310780495918995,1.0,0.625,0.6148200292140246,2.064751080011144,0.9331843804654021,0.0,-1.3783574104309083e-08,3.5040856462187757,5.8836072300661595,21,10.0,0.0,0.0,0.0,0.4793053269706704,0.3515625,80.0,1.0
1777188143.1081252,0.0236755833029747,trivial,0.005947886396493775,23,530.840147914,,80.0,0.75,1.5140205554905535,1.0,0.875,0.5918896097689867,2.064751080011144,0.9135104739691199,0.0,-5.215406417846679e-09,5.054192447976205,6.1901359782506455,22,10.0,0.0,0.0,0.0,0.5099004128627707,0.625,80.0,1.0
1777188167.708165,0.02455299012362957,trivial,0.004374786528036824,24,555.440019313,,80.0,0.75,1.333466768742395,1.0,0.875,0.6138248538598419,2.8937423652008736,0.9027397270250898,0.0,-2.9802322387695314e-09,5.173583177393128,6.1901359782506455,23,10.0,0.0,0.0,0.0,0.5297018768693346,1.1015625,80.0,1.0
1777188191.8657842,0.024696330726146697,trivial,0.004772094212775217,25,579.597740397,,80.0,0.5,1.48230948798233,1.0,0.75,0.6174082417041064,2.5692858681270585,0.9153264228417844,0.0,0.0,4.190979854670344,6.147483591005134,24,10.0,0.0,0.0,0.0,0.49317369130023264,1.046875,80.0,1.0
1777188216.5835717,0.024492795765399932,trivial,0.007500352120145128,26,604.315691847,,80.0,0.0,0.3477865026422131,1.0,0.5,0.6123195497319103,2.064751080011144,0.9224186055219179,0.0,1.8440186977386475e-08,2.6405070022411934,2.8937423652008736,25,10.0,0.0,0.0,0.0,0.4468514004482386,0.625,80.0,1.0
1777188217.878137,,,,27,605.609718053,"{'artifact_path': 'wandb-client-artifact://hsmarf8kuxz97o9repc2ub6m1dvfd2rk6ggby7wol3koeoy3r1r0dyanfjmf0phqzxo8isbpav6mapkonspg5rnvbm0989mkuplspdyyh4l9b45mg4qeypt2pgzn1jbl/samples/episode_outcomes.table.json', '_type': 'table-file', 'size': 847, '_latest_artifact_path': 'wandb-client-artifact://qsr303hruwe0ebd0hhb4otc3tcf4ub5qwqpdcx5pmrvboheku6qjqs69f7kiq2yqci9y8uky2piw2v5o3qgt5d25td45uuqohc2gahigd5u0wpo2omlsfa3x6u0cp1uh:latest/samples/episode_outcomes.table.json', 'ncols': 8, 'nrows': 8, 'path': 'media/table/samples/episode_outcomes_27_66b517084020422b1051.table.json', 'sha256': '66b517084020422b10516ee1de47c55f30a9e388f28bf6866a49356342d70f4a', 'log_mode': 'IMMUTABLE'}",,,,,,,,,,,,,25,,,,,,,,
1777188242.4986413,0.02238328494131565,trivial,0.00838973249740209,28,630.230501282,,80.0,0.625,1.8403292456126774,1.0,0.625,0.5595822360366582,2.064751080011144,0.9154649384376865,0.0,-3.3527612686157227e-09,4.570264244232101,6.1901359782506455,26,10.0,0.0,0.0,0.0,0.48451127477507694,0.462890625,80.0,1.0
1777188265.7917607,0.02500372864305973,trivial,0.0045780811849289475,29,653.523778807,,80.0,0.875,2.3624123778646133,1.0,0.875,0.6250940944999457,-0.9999999999999999,0.7773266358546087,0.0,-3.650784492492676e-08,4.5562403581150575,6.149711264294099,27,10.0,0.125,0.125,0.0,0.45524010916309393,0.69921875,80.0,0.875
1777188290.6918411,0.021929138526320457,trivial,0.00466881634208305,30,678.423939277,,80.0,0.875,2.354771953043295,1.0,0.75,0.5482284933328628,-0.9999999999999999,0.77284865347324,0.0,1.1175870895385742e-09,4.547940305443677,6.1901359782506455,28,10.0,0.125,0.125,0.0,0.454410103895956,0.6796875,80.0,0.875
1777188314.9978688,0.02267811819911003,trivial,0.004152732514764188,31,702.729896003,,80.0,0.75,2.4168173001791895,1.0,0.625,0.5669534668326378,-0.9999999999999999,0.7911404821074791,0.0,-2.1979212760925294e-08,4.331351332013651,6.1901359782506455,29,10.0,0.125,0.125,0.0,0.4642286923313869,0.69921875,80.0,0.875
1777188339.224841,0.02442310582846403,trivial,0.006868537531777324,32,726.956818009,,80.0,0.5,2.2261662720773625,1.0,0.875,0.6105775251984596,-0.9999999999999999,0.7956646254028438,0.0,8.754432201385498e-09,3.2609550550388797,5.8836072300661595,30,10.0,0.125,0.125,0.0,0.40353631765778736,0.443359375,80.0,0.875
1777188364.1391213,0.02176580410450697,trivial,0.005222612586370376,33,751.871125274,,80.0,0.5,2.217555475201645,1.0,0.875,0.5441451493650675,-0.9999999999999999,0.8019484222025676,0.0,-4.470348358154297e-09,3.3814519560597,6.149711264294099,31,10.0,0.125,0.125,0.0,0.423448398824741,0.283203125,80.0,0.875
1777188388.4499373,0.022396788559854032,trivial,0.00448135236341061,34,776.181949465,,80.0,1.0,0.18643862224565363,1.0,0.75,0.5599201712757349,5.592905673346615,0.8950549297842265,0.0,-1.862645149230957e-08,5.906628642847932,6.1901359782506455,32,10.0,0.0,0.0,0.0,0.5406628642847933,0.5390625,80.0,1.0
1777188413.4861412,0.022269969433546068,trivial,0.008386230173754347,35,801.218195433,,80.0,0.375,1.7093857122735252,1.0,0.75,0.5567487679421902,2.064751080011144,0.9312917123752517,0.0,1.7881393432617187e-08,3.7388746650529816,6.149711264294099,33,10.0,0.0,0.0,0.0,0.46341016977376415,0.578125,80.0,1.0
1777188437.917832,0.022116733342409135,trivial,0.007773342937056192,36,825.649803224,,80.0,0.375,1.6152305370659492,1.0,0.5,0.5529176751151681,2.064751080011144,0.8882422473333368,0.0,2.5331974029541015e-08,3.771243583642999,6.149711264294099,34,10.0,0.0,0.0,0.0,0.4664439021304081,0.40625,80.0,1.0
1777188461.977959,0.02413773164153099,trivial,0.006145866778510904,37,849.71003214,,80.0,0.375,1.4586920719725878,1.0,0.75,0.6034438000991941,2.064751080011144,0.9448796573706554,0.0,-2.2351741790771484e-08,3.766281140275408,5.953591972107304,35,10.0,0.0,0.0,0.0,0.47431891457430103,1.0546875,80.0,1.0
1777188486.932875,0.020941784232854845,trivial,0.004218468211704266,38,874.665162452,,80.0,0.75,1.298194819951415,1.0,0.625,0.523546494729817,2.8937423652008736,0.8899649347481855,0.0,-7.599592208862304e-08,5.107455120636705,6.1901359782506455,36,10.0,0.0,0.0,0.0,0.5230890711936923,0.37890625,80.0,1.0
1777188512.7833164,0.020556534081697463,trivial,0.00471145340981406,39,900.51538002,,80.0,0.625,1.4811548817908347,1.0,0.75,0.5139135347679258,2.872020447088789,0.8871686078322644,0.0,-9.685754776000977e-09,4.775737047198967,6.1901359782506455,37,10.0,0.0,0.0,0.0,0.5205459954621273,0.248046875,80.0,1.0
1777188537.8002355,0.021207207068800926,trivial,0.005493323720946228,40,925.532294235,,80.0,0.5,2.2792578141402564,1.0,0.75,0.5301806757226586,-0.9999999999999999,0.8168693752263356,0.0,-2.16066837310791e-08,3.4506960863197533,6.1901359782506455,38,10.0,0.125,0.125,0.0,0.4306443358271474,0.203125,80.0,0.875
1777188563.081943,0.019646943360567094,trivial,0.003931902208118987,41,950.813953205,,80.0,0.75,2.4203620702716475,1.0,0.875,0.4911729207262397,-0.9999999999999999,0.7753759829195235,0.0,2.60770320892334e-08,4.350449731971365,6.149711264294099,39,10.0,0.125,0.125,0.0,0.46586700835075723,0.7578125,80.0,0.875
1777188588.3252714,0.021540263411588968,trivial,0.0037151578359969663,42,976.057279162,,80.0,0.625,2.618064526891094,1.0,0.75,0.5385068515315652,-0.9999999999999999,0.694871763273746,0.0,-1.1874362826347351e-08,2.949197168120237,5.8836072300661595,40,10.0,0.25,0.25,0.0,0.3756293492936338,0.38671875,80.0,0.75
1777188613.3338702,0.02107910066843033,trivial,0.0061747428680534065,43,1001.065919454,,80.0,0.5,1.4874602609929768,1.0,0.625,0.5269775299355388,2.064751080011144,0.8833162815559582,0.0,1.4901161193847657e-09,4.134272273465381,5.715862564586313,41,10.0,0.0,0.0,0.0,0.4797089065889081,0.50390625,80.0,1.0
1777188637.8945928,0.02309517338871956,trivial,0.006004803483683645,44,1025.626561549,,80.0,0.75,2.5177735979378606,1.0,1.0,0.5773793213069439,-0.9999999999999999,0.7983231482614531,0.0,3.725290298461914e-09,4.205288995441857,6.1901359782506455,42,10.0,0.125,0.125,0.0,0.44345436139591327,0.443359375,80.0,0.875
1777188662.2042458,0.022420984134078024,trivial,0.0062864002186693016,45,1049.936313794,,80.0,0.25,1.381964530536972,1.0,0.75,0.5605239918455481,2.064751080011144,0.9160752698320487,0.0,2.0861625671386717e-08,3.4261657049012144,5.953591972107304,43,10.0,0.0,0.0,0.0,0.4709019204120689,0.185546875,80.0,1.0
1777188687.8247335,0.0209318608045578,trivial,0.005292088907692101,46,1075.556773296,,80.0,0.75,2.5360730329253274,1.0,0.875,0.5232964348047972,-0.9999999999999999,0.773628092392874,0.0,8.195638656616212e-09,4.306899147715138,6.1901359782506455,44,10.0,0.125,0.125,0.0,0.453649558860263,0.39453125,80.0,0.875
1777188711.8315723,0.02301395758986473,trivial,0.0077247911051322084,47,1099.563594068,,80.0,0.5,1.8366336128594405,1.0,0.875,0.5753495693206787,2.064751080011144,0.9294411876878115,0.0,-2.5331974029541015e-08,4.215865556352865,6.149711264294099,45,10.0,0.0,0.0,0.0,0.4802431855521642,0.46484375,80.0,1.0
1777188735.9305022,0.022532131196931003,trivial,0.004735990462371658,48,1123.662557661,,80.0,0.875,1.0129171956474599,1.0,0.625,0.563302550278604,2.872020447088789,0.8851675340034173,0.0,3.101304173469543e-08,5.493275812099931,6.149711264294099,46,10.0,0.0,0.0,0.0,0.530227836798603,0.376953125,80.0,1.0
1777188759.908395,0.021877839416265487,trivial,0.005957178837281424,49,1147.640371067,,80.0,0.75,2.4124130496257066,1.0,0.875,0.5469457134604454,-0.9999999999999999,0.7999014541584202,0.0,8.195638656616212e-09,4.060915760258295,5.953591972107304,47,10.0,0.125,0.125,0.0,0.429017037877557,0.53125,80.0,0.875
1777188784.6194723,0.02114865668118,trivial,0.0034672147579401656,50,1172.351530699,,80.0,1.0,2.9930042681714237,1.0,0.625,0.5287166183814407,-0.9999999999999999,0.668965563640451,0.0,-7.82310962677002e-09,4.140697390118695,6.1901359782506455,48,10.0,0.25,0.25,0.0,0.4015697390118695,0.734375,80.0,0.75
1777188809.032523,0.02206054963171482,trivial,0.00462850771260686,51,1196.764490868,,80.0,0.625,1.4726515664634667,1.0,0.625,0.5515147252008319,2.5692858681270585,0.9037549018872599,0.0,-3.762543201446533e-08,4.64336375703723,6.1901359782506455,49,10.0,0.0,0.0,0.0,0.5075460081853331,0.5703125,80.0,1.0
1777188834.0897074,0.020332649536430835,trivial,0.00602692000995503,52,1221.821792166,,80.0,0.75,1.4175188612468779,1.0,0.875,0.50831648260355,2.064751080011144,0.9183315630678164,0.0,-6.891787052154541e-09,4.879479841714336,5.953591972107304,50,10.0,0.0,0.0,0.0,0.49242915223658384,0.326171875,80.0,1.0
1777188835.2436981,,,,53,1222.975182251,"{'artifact_path': 'wandb-client-artifact://7ceaw0y5ybx55ci1wv37k9xpp6ngdj5mjxg8jfn7vlxsr5g6p9dakrs6q6m70i3ecm8vt4kzdnz1l6rfefngsr3tvvr02bnzfl3t0fzzxqprty91pnzvxw48bt3i46jq/samples/episode_outcomes.table.json', '_latest_artifact_path': 'wandb-client-artifact://3rx4bqofbolzj3fcmrfy9ll8gva74a22gow7irlprqayhrhcr8mn4r51azp6fiyjcmk0qej08bh3q4atr4xzikxg6etx6ctt38wi8x1ap9i39xhn3z9bx131dzg7l7y1:latest/samples/episode_outcomes.table.json', '_type': 'table-file', 'nrows': 8, 'path': 'media/table/samples/episode_outcomes_53_5e7630a61fb9b75a14ff.table.json', 'sha256': '5e7630a61fb9b75a14ffe01e7dca8fa0976b15509acfaa63a78cb406d4c79da7', 'size': 818, 'ncols': 8, 'log_mode': 'IMMUTABLE'}",,,,,,,,,,,,,50,,,,,,,,
1777188861.5231116,0.020098884031176566,trivial,0.004575341640285226,54,1249.255131636,,80.0,0.625,1.4724340736615806,1.0,0.875,0.5024713907390833,2.5692858681270585,0.8997486560552597,0.0,2.5331974029541015e-08,4.648348730791936,6.149711264294099,51,10.0,0.0,0.0,0.0,0.5080445055608036,0.345703125,80.0,1.0
1777188887.2428703,0.02220010608434677,trivial,0.00698751163443363,55,1274.974815238,,80.0,0.5,2.2855199570079874,1.0,0.625,0.5549866003915668,-0.9999999999999999,0.8249070017127185,0.0,6.413087248802185e-07,3.3175041749031196,5.953591972107304,52,10.0,0.125,0.125,0.0,0.4094627536206124,0.353515625,80.0,0.875
1777188912.6513674,0.02082590162754059,trivial,0.007828431947890907,56,1300.383339154,,80.0,0.375,1.7760605433214403,1.0,0.625,0.520647287927568,2.064751080011144,0.9291261802028195,0.0,8.940696716308593e-09,3.7925488341942133,6.147483591005134,53,10.0,0.0,0.0,0.0,0.46877758668788727,0.28125,80.0,1.0
1777188937.6631565,0.021183172613382338,trivial,0.0042460368330416685,57,1325.395172553,,80.0,0.5,1.6270733463286577,1.0,0.625,0.5295791871845722,2.5692858681270585,0.8663339246985639,0.0,0.0,4.420672808138403,6.147483591005134,54,10.0,0.0,0.0,0.0,0.5159056449076592,0.294921875,80.0,1.0
1777188962.7067735,0.021314250491559505,trivial,0.004250295225644339,58,1350.438618907,,80.0,0.875,0.9717449793281921,1.0,0.5,0.5328559566289186,2.872020447088789,0.8937624237494356,0.0,1.1175870895385742e-08,5.382778831387571,5.8836072300661595,55,10.0,0.0,0.0,0.0,0.5191781387273671,0.3671875,80.0,1.0
1777188988.8273582,0.020877826772630215,trivial,0.00486673541007295,59,1376.559359024,,80.0,0.75,1.3284712496826705,1.0,0.75,0.5219453942030668,2.5692858681270585,0.8790739572925733,0.0,1.210719347000122e-08,4.980505123077575,6.147483591005134,56,10.0,0.0,0.0,0.0,0.5098168412479556,0.6328125,80.0,1.0
1777189014.3517783,0.023365939594805242,trivial,0.0036916856461393214,60,1402.083749404,,80.0,0.75,2.8141423521700126,1.0,0.75,0.584148202650249,-0.9999999999999999,0.6598124820994313,0.0,1.2665987014770507e-08,3.3298175124547837,6.1901359782506455,57,10.0,0.25,0.25,0.0,0.38224808018567646,0.70703125,80.0,0.75
1777189038.8418996,0.02476885784417391,trivial,0.006795803282424612,61,1426.573874047,,80.0,0.75,1.4772254499151953,1.0,0.875,0.6192215085029602,2.064751080011144,0.9010680966218894,0.0,0.0,4.833721515163335,6.149711264294099,58,10.0,0.0,0.0,0.0,0.487547613368061,0.65234375,80.0,1.0
1777189063.2234368,0.02382321674376726,trivial,0.004696130429329683,62,1450.955399674,,80.0,0.875,0.9763812385405957,1.0,0.75,0.5955806415528059,2.8937423652008736,0.9069516418444787,0.0,-8.661299943923951e-09,5.318660186725313,6.1901359782506455,59,10.0,0.0,0.0,0.0,0.5130377982375423,0.63671875,80.0,1.0
1777189088.7536175,0.021347651258111,trivial,0.004177334546069209,63,1476.48565014,,80.0,0.75,2.422995927652359,1.0,1.0,0.5336908646859229,-0.9999999999999999,0.7917802963410587,0.0,1.7136335372924803e-08,4.279122543924094,6.1901359782506455,60,10.0,0.125,0.125,0.0,0.4587001073090086,0.5078125,80.0,0.875
1777189113.4508495,0.021688077598810196,trivial,0.004133750929972285,64,1501.182721092,,80.0,0.5,2.2224755998222494,1.0,0.875,0.5422022197395563,-0.9999999999999999,0.7955314326232225,0.0,-9.685754776000977e-09,3.487430811469809,6.149711264294099,61,10.0,0.125,0.125,0.0,0.4416029692172008,0.419921875,80.0,0.875
1777189138.4729085,0.0219095965847373,trivial,0.005167372214980462,65,1526.20514756,,80.0,0.5,2.1777699709415925,1.0,0.75,0.5477403031662107,-0.9999999999999999,0.7610311332177087,0.0,-1.899898052215576e-08,3.349332784558863,5.8836072300661595,62,10.0,0.125,0.125,0.0,0.4196934337218552,0.34375,80.0,0.875
1777189164.2289653,0.021115458384156228,trivial,0.004643870483473923,66,1551.961050764,,80.0,0.625,1.4177117817398368,1.0,0.75,0.5278862131759524,2.5692858681270585,0.9005679978963712,0.0,7.450580596923828e-09,4.584079580329189,6.1901359782506455,63,10.0,0.0,0.0,0.0,0.5016175905145289,0.37109375,80.0,1.0
1777189188.2952669,0.02260396759957075,trivial,0.006534537048201359,67,1576.027103817,,80.0,0.5,2.3638593060654416,1.0,0.625,0.5650992255657912,-0.9999999999999999,0.8159688646309203,0.0,2.048909664154053e-09,3.386945162812558,6.147483591005134,64,10.0,0.125,0.125,0.0,0.41640685241155617,0.5,80.0,0.875
1777189213.4093816,0.020783654972910882,trivial,0.005280458020291351,68,1601.141537066,,80.0,0.75,2.4898953240755644,1.0,0.75,0.519590306840837,-0.9999999999999999,0.7705866612501735,0.0,3.91155481338501e-08,4.219402174034115,6.149711264294099,65,10.0,0.125,0.125,0.0,0.4448998614921606,0.609375,80.0,0.875
1777189238.4203625,0.019964571669697763,trivial,0.004201388211231957,69,1626.152418122,,80.0,0.75,1.3615623476367755,1.0,0.75,0.49911405686289073,2.872020447088789,0.8817297600578679,0.0,8.940696716308593e-09,5.229185970924369,6.149711264294099,66,10.0,0.0,0.0,0.0,0.5349906322460577,0.55859375,80.0,1.0
1777189263.720979,0.020808208733797073,trivial,0.0060957092545921516,70,1651.453063232,,80.0,0.75,1.4795358364707007,1.0,0.75,0.5202049532905221,2.064751080011144,0.8883839162334856,0.0,1.1175870895385742e-08,4.989206186291707,6.1901359782506455,67,10.0,0.0,0.0,0.0,0.5034017866943209,0.55859375,80.0,1.0
1777189288.8720844,0.021206219121813773,trivial,0.0042189724100449785,71,1676.604097558,,80.0,0.75,2.3322201224278594,1.0,1.0,0.5301547776907682,-0.9999999999999999,0.779769611510891,0.0,2.2724270820617674e-08,4.1299166306594435,6.1901359782506455,68,10.0,0.125,0.125,0.0,0.44350799200614244,0.439453125,80.0,0.875
1777189314.4863286,0.02042895704507828,trivial,0.005811191050665557,72,1702.218344932,,80.0,0.5,1.6435486572313758,1.0,0.75,0.5107242568396032,2.064751080011144,0.9013688359797667,0.0,-1.1920928955078126e-08,4.29655286948486,6.147483591005134,69,10.0,0.0,0.0,0.0,0.496208490167257,0.27734375,80.0,1.0
1777189340.0733104,0.02064945288002491,trivial,0.004425817843035111,73,1727.805534365,,80.0,1.0,0.3245537144344512,1.0,0.75,0.5162357585504651,5.224056154574517,0.8935621002502068,0.0,2.16066837310791e-08,5.816291357981323,6.1901359782506455,70,10.0,0.0,0.0,0.0,0.5316291357981323,0.578125,80.0,1.0
1777189365.7991326,0.020006954297423364,trivial,0.007638251073791682,74,1753.531123506,,80.0,0.625,1.6734968432616266,1.0,0.875,0.5001732489094138,2.064751080011144,0.9296353079477067,0.0,2.384185791015625e-08,4.452658906910358,6.1901359782506455,71,10.0,0.0,0.0,0.0,0.4730564472563253,0.380859375,80.0,1.0
1777189392.7718904,0.022238270798698067,trivial,0.0036740921050614304,75,1780.50385145,,80.0,0.5,2.4494542375159245,1.0,0.625,0.5559562950395047,-0.9999999999999999,0.699257012851376,0.0,2.116430550813675e-08,2.6296951474755494,6.149711264294099,72,10.0,0.25,0.25,0.0,0.3748509267941759,0.279296875,80.0,0.75
1777189418.1938436,0.021526798605918884,trivial,0.0037196724645600595,76,1805.925893488,,80.0,0.625,2.321856465703908,1.0,0.875,0.5381699541583658,-0.9999999999999999,0.7706861865381729,0.0,-5.587935447692871e-09,3.8856617358204844,6.1901359782506455,73,10.0,0.125,0.125,0.0,0.45028846432427905,0.5390625,80.0,0.875
1777189444.16545,0.018786298856139184,trivial,0.004719286613670738,77,1831.897522814,,80.0,0.75,1.3457654700832702,1.0,0.75,0.46965676378458737,2.8937423652008736,0.8989719938262596,0.0,2.644956111907959e-08,5.197478520154672,6.1901359782506455,74,10.0,0.0,0.0,0.0,0.532091411145489,0.31640625,80.0,1.0
1777189472.5487275,0.02002815529704094,trivial,0.007245212535281733,78,1860.280504993,,80.0,0.5,1.774229728973144,1.0,0.75,0.5007031369954348,2.064751080011144,0.9078954892659952,0.0,2.8312206268310546e-08,4.200553035893423,6.1901359782506455,75,10.0,0.0,0.0,0.0,0.47874611574324166,0.55859375,80.0,1.0
1777189473.7570434,,,,79,1861.488477658,"{'artifact_path': 'wandb-client-artifact://f31tgveopxepkxmujhzish1fjeqqmb72dphptcfc20frknaw6ldq2902igrv9abll91no2wdjkf6c5i3w1667sparvodfdm987olddowhlb0idjyl0i5wojqerq8n4vx/samples/episode_outcomes.table.json', '_latest_artifact_path': 'wandb-client-artifact://fwvoswxmd9zbflzuogmr2zfalijwhgs7wtwq159fguz33xp1bdo88vumdwvriz0u1zzxxithlklhqbwg1v8rjjdsubbd4rsqqhh1xx8j4zyibbsyrvazvezjre5tsqxd:latest/samples/episode_outcomes.table.json', 'ncols': 8, 'nrows': 8, 'path': 'media/table/samples/episode_outcomes_79_42013cb1f8676799fbe5.table.json', 'sha256': '42013cb1f8676799fbe5dc3096c0e10029e04b151282d287854c3add99674dcf', 'size': 825, '_type': 'table-file', 'log_mode': 'IMMUTABLE'}",,,,,,,,,,,,,75,,,,,,,,
1777189499.9531457,0.021009997371584176,trivial,0.003658521175947272,80,1887.685140814,,80.0,0.625,2.6512146625821327,1.0,0.75,0.5252500830218196,-0.9999999999999999,0.6388390912467137,0.0,-2.3283064365386963e-10,2.971475783066458,6.149711264294099,76,10.0,0.25,0.25,0.0,0.37731416283545377,0.69921875,80.0,0.75
1777189528.171329,0.0183426134288311,trivial,0.005626771529230046,81,1915.903333071,,80.0,0.75,1.430892358535828,1.0,0.625,0.45856616403907535,2.5692858681270585,0.9041566417595499,0.0,-2.9802322387695312e-08,5.033066128214509,6.149711264294099,77,10.0,0.0,0.0,0.0,0.5150387595246273,0.69921875,80.0,1.0
1777189554.176043,0.02079863448161632,trivial,0.003987836903564278,82,1941.908064297,,80.0,0.875,0.9337275253291699,1.0,0.625,0.5199659178033471,2.872020447088789,0.8999793616939435,0.0,-7.450580596923829e-10,5.179584104779846,6.147483591005134,78,10.0,0.0,0.0,0.0,0.49885866606659446,0.32421875,80.0,1.0
1777189580.9902618,0.021121512353420257,trivial,0.006469146152511687,83,1968.722311745,,80.0,0.375,1.6195904500318963,1.0,0.875,0.5280368706211448,2.064751080011144,0.9080107029309673,0.0,3.799796104431152e-08,3.829466813777293,6.1901359782506455,79,10.0,0.0,0.0,0.0,0.4800602517346658,0.62890625,80.0,1.0
1777189606.9818695,0.019790301099419594,trivial,0.0037434900819482845,84,1994.713860937,,80.0,0.625,2.377633799182414,1.0,0.75,0.4947574963793159,-0.9999999999999999,0.8088120959829647,0.0,1.4901161193847657e-09,3.9118806704768385,6.147483591005134,80,10.0,0.125,0.125,0.0,0.4531476995292939,0.43359375,80.0,0.875
1777189633.6133027,0.01899334341287613,trivial,0.006534097302818629,85,2021.345483868,,80.0,0.625,1.7177997748804417,1.0,0.75,0.47483282499015333,2.064751080011144,0.9140647197364846,0.0,2.9802322387695312e-08,4.696837518937974,6.1901359782506455,81,10.0,0.0,0.0,0.0,0.5050309933105358,0.345703125,80.0,1.0
1777189660.5148048,0.02121618241071701,trivial,0.004673095031308401,86,2048.24678206,,80.0,0.5,1.683612438889457,1.0,0.75,0.5304047902114689,2.5692858681270585,0.8909454492361644,0.0,-2.9802322387695314e-09,4.404077528114288,6.149711264294099,82,10.0,0.0,0.0,0.0,0.5142119346682261,0.6015625,80.0,1.0
1777189687.2998765,0.019528646813705565,trivial,0.004729021711246677,87,2075.031960955,,80.0,0.625,2.6555167522052416,1.0,0.625,0.4882159085944295,-0.9999999999999999,0.7093607668449715,0.0,1.5523983165621757e-08,2.9070984027907287,5.8836072300661595,83,10.0,0.25,0.25,0.0,0.363862787909234,0.478515625,80.0,0.75
1777189713.923756,0.019926828891038896,trivial,0.006311454623690968,88,2101.655681677,,80.0,0.5,1.6382174286667317,1.0,0.625,0.49816982466727494,2.064751080011144,0.8924587118586442,0.0,3.3527612686157227e-08,4.284578846442379,6.149711264294099,84,10.0,0.0,0.0,0.0,0.49473956388660784,0.87109375,80.0,1.0
1777189740.981622,0.019553010165691376,trivial,0.004098641760431643,89,2128.713682591,,80.0,0.75,2.4216415012654156,1.0,0.875,0.4888251557946205,-0.9999999999999999,0.7906944037766543,0.0,3.725290298461914e-09,4.2804125141682245,6.149711264294099,85,10.0,0.125,0.125,0.0,0.4588291043334216,0.7578125,80.0,0.875
1777189767.3921394,0.01950746700167656,trivial,0.00580998222057524,90,2155.124149943,,80.0,0.625,1.6126930661091894,1.0,1.0,0.48768667951226236,2.064751080011144,0.8956965256371607,0.0,0.0,4.655194825349179,6.149711264294099,86,10.0,0.0,0.0,0.0,0.500900906188678,0.51953125,80.0,1.0
1777189793.9601877,0.02098154239356518,trivial,0.005132425369701916,91,2181.692202797,,80.0,0.625,2.4393641710969707,1.0,0.875,0.5245382990688086,-0.9999999999999999,0.7928356999312154,0.0,9.313225746154785e-09,3.866918490211113,6.1901359782506455,87,10.0,0.125,0.125,0.0,0.4408232726748714,0.67578125,80.0,0.875
1777189820.9159853,0.01994895115494728,trivial,0.005266175762059467,92,2208.648094559,,80.0,0.625,1.500938945468282,1.0,0.625,0.49872355852276085,2.5692858681270585,0.8874650937772672,0.0,1.1175870895385742e-08,4.599945230201868,6.149711264294099,88,10.0,0.0,0.0,0.0,0.5028984492883742,0.703125,80.0,1.0
1777189847.5926178,0.019232139736413956,trivial,0.005867801902422002,93,2235.324392911,,80.0,0.75,2.344905193195179,1.0,1.0,0.48080376610159875,-0.9999999999999999,0.7998739926882897,0.0,-2.2351741790771484e-09,3.960975690311553,5.8836072300661595,89,10.0,0.125,0.125,0.0,0.41902303088288284,0.474609375,80.0,0.875
1777189873.7383943,0.019898742064833642,trivial,0.007532564629886305,94,2261.470395987,,80.0,0.625,1.6648804974261633,1.0,0.75,0.4974678220227361,2.064751080011144,0.9286948882314905,0.0,2.9802322387695312e-08,4.4257360801815055,6.149711264294099,90,10.0,0.0,0.0,0.0,0.4703641645834401,0.357421875,80.0,1.0
1777189900.4682727,0.017551501002162694,trivial,0.004434825254814029,95,2288.200299328,,80.0,0.875,0.9970388607483185,1.0,0.75,0.4387879466637969,2.8937423652008736,0.8868512696819326,0.0,-1.7974525690078736e-08,5.475533659202288,6.147483591005134,91,10.0,0.0,0.0,0.0,0.5287251454852397,0.404296875,80.0,1.0
1777189928.21986,0.019499798119068146,trivial,0.004068892068233639,96,2315.951881228,,80.0,0.75,2.3980123533493387,1.0,0.75,0.48749494878575206,-0.9999999999999999,0.7784394291637285,0.0,-6.7055225372314455e-09,4.236819328856689,6.147483591005134,92,10.0,0.125,0.125,0.0,0.454198261825867,0.5625,80.0,0.875
1777189956.4473379,0.017386553436517717,trivial,0.006340021519016498,97,2344.179336358,,80.0,0.5,1.6484385860308026,1.0,0.875,0.43466337928548454,2.064751080011144,0.9161156457840556,0.0,1.862645149230957e-08,4.229199144109285,6.149711264294099,93,10.0,0.0,0.0,0.0,0.4894389353926779,0.482421875,80.0,1.0
1777189984.1095462,0.01959635764360428,trivial,0.003915977683779222,98,2371.841663646,,80.0,0.5,1.4860577937456176,1.0,0.75,0.489908960275352,2.872020447088789,0.8565205470070485,0.0,-2.2351741790771484e-09,4.356207845683933,6.147483591005134,94,10.0,0.0,0.0,0.0,0.5094933308992338,0.38671875,80.0,1.0
1777190012.0522327,0.018712539132684468,trivial,0.004583526261217427,99,2399.784212996,,80.0,0.75,1.4153035519547295,1.0,0.875,0.4678130952641368,2.5692858681270585,0.8870206799917147,0.0,1.30385160446167e-08,5.118683473944645,6.149711264294099,95,10.0,0.0,0.0,0.0,0.5236346763346627,0.26171875,80.0,1.0
1777190040.3955781,0.01893099844455719,trivial,0.004309753509620861,100,2428.127659739,,80.0,0.5,1.5189771088536002,1.0,0.75,0.4732752850279212,2.5692858681270585,0.9013051478236253,0.0,-1.3411045074462891e-08,4.2981439167478745,6.147483591005134,96,10.0,0.0,0.0,0.0,0.5039242797450074,0.6015625,80.0,1.0
1777190067.0470898,0.019213815033435822,trivial,0.005577791119401912,101,2454.779112152,,80.0,0.75,2.4744127935210543,1.0,0.75,0.48034502621740105,-0.9999999999999999,0.8006748537593289,0.0,7.450580596923828e-09,4.214783813629271,6.1901359782506455,97,10.0,0.125,0.125,0.0,0.4447095494280773,0.5078125,80.0,0.875
1777190093.4322548,0.019028636068105696,trivial,0.004159740994072261,102,2481.164217165,,80.0,0.625,1.4391514582643083,1.0,0.625,0.4762138282880187,2.8937423652008736,0.9034945648025928,0.0,-1.9915401935577393e-05,4.730249370416531,6.1901359782506455,98,10.0,0.0,0.0,0.0,0.5165402757366858,0.421875,80.0,1.0
1777190121.1797507,0.017869244515895843,trivial,0.005289885478120828,103,2508.911887623,,80.0,0.625,1.6023433799560025,1.0,0.75,0.44673088043928144,2.5692858681270585,0.9081918092829084,0.0,1.1175870895385742e-08,4.7355997996003705,6.149711264294099,99,10.0,0.0,0.0,0.0,0.5164639062282245,0.58203125,80.0,1.0
1777190177.618826,0.01593032677968343,easy,0.015598530991888125,104,2565.350613653,,120.0,0.375,0.3370501056063337,1.0,0.625,0.3982580202942093,0.31940729915381105,0.9049186768431664,0.0,8.940696716308593e-09,0.8871457661664746,1.2209817981270872,100,15.0,0.375,0.375,0.0,0.4009077419021168,0.396484375,120.0,1.0
1777190178.8037794,,,,105,2566.535201276,"{'artifact_path': 'wandb-client-artifact://mw0tugfil8ujxq0kjs9gzmr6f9q4zpu7le4u8ycnm8q9m29qrjmb0ky68dymvjr01voq66ce4eje0oz6c0vf9ty62qnv2ljqhx0uuf9z4u0o2kbzfkijumdchtr90ogd/samples/episode_outcomes.table.json', '_latest_artifact_path': 'wandb-client-artifact://qsqvx5e6vrjwcbjlswusqud8q0dn7bhmu5u5wcgpfie27hlx86plfz3wlv3tz83upmv38elztfebrivwgal3yjzgs7gn3ady5oeezcx701dk8tcnx9wneiqbqrchtm5p:latest/samples/episode_outcomes.table.json', '_type': 'table-file', 'ncols': 8, 'nrows': 8, 'path': 'media/table/samples/episode_outcomes_105_5f177dcb305179f6f059.table.json', 'sha256': '5f177dcb305179f6f059510ef0b6e24eaa4b4d67b9fa8280327657a3da6a58be', 'log_mode': 'IMMUTABLE', 'size': 906}",,,,,,,,,,,,,100,,,,,,,,
1777190242.52269,0.014081049462159474,easy,0.02130392085191826,106,2630.2544641,,120.0,0.125,0.28031981868423556,1.0,0.875,0.35202677759031453,0.31940729915381105,0.9007543443022306,0.0,-2.2351741790771484e-08,0.9739792450076058,1.2529605263713293,101,15.0,0.125,0.125,0.0,0.31575219681838695,0.36328125,120.0,1.0
1777190306.6955686,0.014045102149248123,easy,0.01891336117425845,107,2694.427567387,,120.0,0.25,0.40092488025867606,1.0,0.875,0.35112775657325984,0.2893165271214293,0.9095873766394413,0.0,-9.685754776000977e-09,0.9751098980779558,1.4351442487241153,102,15.0,0.25,0.25,0.0,0.3595122447677782,0.49609375,120.0,1.0
1777190375.9698641,0.01297097218533357,easy,0.021015634457916207,108,2763.701927379,,120.0,0.125,0.2854936722051724,1.0,0.75,0.32427494460716844,0.2893165271214293,0.9208233781002582,0.0,-2.359350522359212e-08,1.0285165004011763,1.2209817981270872,103,15.0,0.125,0.125,0.0,0.3358007779444993,0.271484375,120.0,1.0
1777190439.5566852,0.014124452571074168,easy,0.021325532381532775,109,2827.288726479,,120.0,0.125,0.28361260386984277,1.0,0.875,0.35311134171982606,0.31940729915381105,0.9010315811102722,0.0,3.3527612686157227e-09,1.0403905773054039,1.2529605263713293,104,15.0,0.125,0.125,0.0,0.34050151116585875,0.453125,120.0,1.0
1777190506.4894106,0.013671013720644018,easy,0.017017466689300237,110,2894.221531653,,120.0,0.25,0.3493377813136639,1.0,1.0,0.3417753844832381,0.2893165271214293,0.9325320275263053,0.0,-3.073364496231079e-09,0.9695345591367235,1.4351442487241153,105,15.0,0.25,0.25,0.0,0.3656174020693044,0.37109375,120.0,1.0
1777190572.5988476,0.012289355439133943,easy,0.021910540376557448,111,2960.330761166,,120.0,0.0,0.19518323324793477,1.0,0.75,0.30723363378395635,0.8573174822706837,0.9006115271589353,0.0,1.3969838619232178e-08,1.2176037289513344,1.4351442487241153,106,15.0,0.0,0.0,0.0,0.34134707445220197,0.345703125,120.0,1.0
1777190634.354064,0.014278129115700722,easy,0.01715406821937677,112,3022.086039497,,120.0,0.375,0.3447034395760305,1.0,0.75,0.35695377259204786,0.31940729915381105,0.888111650921697,0.0,-2.1855036417643228e-08,0.7974565311745794,1.2529605263713293,107,15.0,0.375,0.375,0.0,0.36205957776731573,0.3984375,120.0,1.0
1777190691.647406,0.016484716534614564,easy,0.014407221074206984,113,3079.379402283,,120.0,0.5,0.39565141111628616,1.0,0.625,0.4121170467386643,0.31940729915381105,0.8813212100803087,0.0,3.725290298461914e-08,0.7632179505049929,1.1677047562192988,108,15.0,0.5,0.5,0.0,0.4000197340289035,0.396484375,120.0,1.0
1777190753.4527922,0.013492188105980555,easy,0.020664211616191176,114,3141.184757574,,120.0,0.125,0.2142100626937309,1.0,0.625,0.33730496813853583,0.5356872260758478,0.9132376876308181,0.0,-7.698933283487957e-09,0.9597872528673914,1.2529605263713293,109,15.0,0.125,0.125,0.0,0.3218667980576726,0.3671875,120.0,1.0
1777190815.0264945,0.013790225485960643,easy,0.018522797626286273,115,3202.758474143,,120.0,0.25,0.3920565837584965,1.0,0.625,0.34475571357955537,0.31940729915381105,0.8790862880294235,0.0,-4.967053731282552e-09,0.9770159572936576,1.4351442487241153,110,15.0,0.25,0.25,0.0,0.36340034714564623,0.34375,120.0,1.0
1777190874.109978,0.013822346832603217,easy,0.02087484158005425,116,3261.842006872,,120.0,0.125,0.24583571034132365,1.0,0.875,0.3455591073880593,0.5356872260758478,0.9160235160248961,0.0,-1.726051171620687e-08,1.0880258120586896,1.4351442487241153,111,15.0,0.125,0.125,0.0,0.34921384089496676,0.380859375,120.0,1.0
1777190935.021426,0.01457397813598315,easy,0.019864551866790127,117,3322.753462312,,120.0,0.25,0.37163683946710113,1.0,0.875,0.3643496541927258,0.31940729915381105,0.8841429061512515,0.0,-4.221995671590169e-09,0.9582849906845807,1.2529605263713293,112,15.0,0.25,0.25,0.0,0.3580134377241201,0.306640625,120.0,1.0
1777190999.721779,0.013482599457105001,easy,0.024250442304962823,118,3387.453809785,,120.0,0.0,0.08028517936059898,1.0,0.5,0.3370657224208117,0.9767819395174563,0.9164872312557408,0.0,-2.9305617014567056e-08,1.106455640789289,1.1677047562192988,113,15.0,0.0,0.0,0.0,0.31230622552248977,0.310546875,120.0,1.0
1777191064.69298,0.013021899076799551,easy,0.022038579294415373,119,3452.425145855,,120.0,0.0,0.07783560568529142,1.0,0.75,0.3255475671341022,0.9767819395174563,0.9108183719214168,0.0,-2.483526865641276e-09,1.113765624717616,1.2529605263713293,114,15.0,0.0,0.0,0.0,0.31964639798209576,0.255859375,120.0,1.0
1777191119.8467414,0.014998635649681092,easy,0.018268179805493716,120,3507.578767174,,120.0,0.25,0.33016813325980093,1.0,0.75,0.3749656053259969,0.2893165271214293,0.9330227487928333,0.0,1.1920928955078126e-08,0.9667641454206991,1.2529605263713293,115,15.0,0.25,0.25,0.0,0.36217564595106216,0.447265625,120.0,1.0
1777191179.4685948,0.013586180408795674,easy,0.017854569313747386,121,3567.200559436,,120.0,0.25,0.3043463349060335,1.0,0.875,0.3396534601226449,0.2893165271214293,0.9263554491721083,0.0,3.712872664133708e-08,0.9196573405170475,1.1677047562192988,116,15.0,0.25,0.25,0.0,0.36109188418795735,0.84765625,120.0,1.0
1777191241.6229064,0.014079487323760987,easy,0.019815256697162133,122,3629.354898402,,120.0,0.25,0.357467244168337,1.0,0.875,0.3519872232650717,0.2893165271214293,0.9116139224300777,0.0,-3.104408582051595e-09,0.9104594312734842,1.2529605263713293,117,15.0,0.25,0.25,0.0,0.3439509691928071,0.3515625,120.0,1.0
1777191299.8985603,0.013510273148616156,easy,0.015208425993755959,123,3687.630578401,,120.0,0.375,0.401950672104336,1.0,0.875,0.337756720247368,0.2893165271214293,0.9078851990809197,0.0,7.450580596923829e-10,0.8746693189783422,1.4351442487241153,118,15.0,0.375,0.375,0.0,0.3900512050773181,0.75390625,120.0,1.0
1777191362.2764452,0.012255907555421193,easy,0.019523388004689536,124,3750.008427587,,120.0,0.125,0.20338410436385287,1.0,0.875,0.3063980830833316,0.5356872260758478,0.9183456415800313,0.0,-1.4776984850565593e-08,1.0594626645471747,1.2209817981270872,119,15.0,0.125,0.125,0.0,0.34952332990956264,0.421875,120.0,1.0
1777191433.7340815,0.010719791799783707,easy,0.02411595290698778,125,3821.466150367,,120.0,0.0,0.113868043219514,1.0,0.625,0.26799467907597624,0.8573174822706837,0.9146857274170589,0.0,5.712111790974935e-09,1.0302454816590765,1.1625584003701666,120,15.0,0.0,0.0,0.0,0.2826421258115393,0.21875,120.0,1.0
1777191500.2497053,0.01256456399957339,easy,0.019358471913065726,126,3887.98185607,,120.0,0.25,0.3365043642779547,1.0,0.75,0.3141137403125564,0.31940729915381105,0.8844817102670901,0.0,1.3907750447591146e-08,0.8814781732051533,1.1677047562192988,121,15.0,0.25,0.25,0.0,0.33838362056077687,0.2734375,120.0,1.0
1777191563.0790865,0.012841015309095382,easy,0.019089902913040434,127,3950.811027147,,120.0,0.25,0.36840229248462625,1.0,0.75,0.32102531983206667,0.31940729915381105,0.8784022761580229,0.0,4.470348358154297e-09,0.9216560340687413,1.2529605263713293,122,15.0,0.25,0.25,0.0,0.3532058186098831,0.36328125,120.0,1.0
1777191627.1972115,0.012412572279572487,easy,0.022680058330095697,128,4014.929195789,,120.0,0.0,0.12127775039971492,1.0,0.875,0.31031486596912145,0.8573174822706837,0.9156667275878348,0.0,-2.222756544748942e-08,1.0925058356178632,1.2529605263713293,123,15.0,0.0,0.0,0.0,0.30431494119313574,0.345703125,120.0,1.0
1777191691.6355133,0.012659063066045443,easy,0.019717811986319472,129,4079.367500191,,120.0,0.125,0.23104779756250926,1.0,0.875,0.31647656187415124,0.5356872260758478,0.916533212253781,0.0,3.4148494402567544e-09,1.048828388203228,1.4351442487241153,124,15.0,0.125,0.125,0.0,0.3436824278401024,0.7421875,120.0,1.0
1777191752.1238585,0.013590948035319647,easy,0.019654368892399802,130,4139.855834417,,120.0,0.125,0.3236048258596576,1.0,0.625,0.33977364835639795,0.31940729915381105,0.886747134270674,0.0,3.073364496231079e-09,1.0583630522904068,1.4351442487241153,125,15.0,0.125,0.125,0.0,0.35252105974067305,0.376953125,120.0,1.0
1777191753.4096236,,,,131,4141.141002693,"{'artifact_path': 'wandb-client-artifact://wmtnv9v933k4sd09q056jqyqpg8rhs1niouc3eft1hgqr3jwphi3vpt8spr3xdgktm0q5mryc4rgc2gzw3l48fyrqfrcutcpcxhrhx0tw6ksh709vkue5zk1toers5bc/samples/episode_outcomes.table.json', '_latest_artifact_path': 'wandb-client-artifact://lki7sg3sycsd5872k58joz4z6q9sdxc38kuhxcvy8d2hrnaeetplczshsnl3bs3r6bmz3p4j4nfbnv0gacchumbu6wziuks16suvq103u2dzoizohlhc3o12lh6mgpw7:latest/samples/episode_outcomes.table.json', 'ncols': 8, 'nrows': 8, 'path': 'media/table/samples/episode_outcomes_131_86383f38ea7b5795acf7.table.json', '_type': 'table-file', 'sha256': '86383f38ea7b5795acf7a20a10c89c1ffd79e1eeeabcd98c75f9cf71bbd7b7dc', 'log_mode': 'IMMUTABLE', 'size': 916}",,,,,,,,,,,,,125,,,,,,,,
1777191820.5675733,0.012935944274067879,easy,0.018605260706321652,132,4208.299576465,,120.0,0.125,0.3330338313818286,1.0,0.5,0.3233983378857374,0.2893165271214293,0.9161054210633942,0.0,9.840975205103556e-09,1.1000418635875233,1.4351442487241153,126,15.0,0.125,0.125,0.0,0.354100564803951,0.498046875,120.0,1.0
1777191879.6081705,0.013896875983724992,easy,0.01944684603682838,133,4267.340140705,,120.0,0.125,0.3207467574188324,1.0,0.75,0.3474218877963722,0.2893165271214293,0.9167981151227347,0.0,4.967053731282552e-10,1.0917109309653505,1.4351442487241153,127,15.0,0.125,0.125,0.0,0.35167194331161045,0.44921875,120.0,1.0
1777191944.3770952,0.01250440909837683,easy,0.02283616224690274,134,4332.109217552,,120.0,0.0,0.10507057464162654,1.0,0.75,0.3126107978944977,0.8573174822706837,0.9105135371379733,0.0,-2.0489096641540527e-08,1.0949282428563454,1.2529605263713293,128,15.0,0.0,0.0,0.0,0.31507482669025527,0.373046875,120.0,1.0
1777192003.6133573,0.013850925024598837,easy,0.015934331493197697,135,4391.34544249,,120.0,0.375,0.30971103127194294,1.0,0.75,0.34627255288263165,0.31940729915381105,0.9039699740792324,0.0,1.9868214925130207e-08,0.8367863633169323,1.2209817981270872,129,15.0,0.375,0.375,0.0,0.38068357161825955,0.439453125,120.0,1.0
1777192062.9555051,0.016500389327605565,easy,0.015367798397284058,136,4450.687453205,,120.0,0.375,0.3706954140934437,1.0,0.875,0.4125090459361672,0.2893165271214293,0.9187339282639824,0.0,2.8933087984720866e-08,0.7673725769254024,1.1195428709400899,130,15.0,0.375,0.375,0.0,0.35825895108016304,0.51953125,120.0,1.0
1777192123.3975976,0.01400310496489207,easy,0.01810872356026327,137,4511.129697497,,120.0,0.25,0.32291815319594913,1.0,0.875,0.3500772977247834,0.2893165271214293,0.9315001259908043,0.0,1.2169281641642252e-08,0.9581516545512075,1.2209817981270872,131,15.0,0.25,0.25,0.0,0.35795228069129525,0.69140625,120.0,1.0
1777192182.6903422,0.014271711806456248,easy,0.021742459270850598,138,4570.422418751,,120.0,0.0,0.11336957166107552,1.0,0.75,0.35679306779056785,1.0749965337303022,0.9110948939113197,0.0,-1.080334186553955e-08,1.1389459223333134,1.4351442487241153,132,15.0,0.0,0.0,0.0,0.32021394477996207,0.462890625,120.0,1.0
1777192245.131077,0.012768597117004295,easy,0.021554873561507933,139,4632.863120752,,120.0,0.0,0.1485063556093397,1.0,0.75,0.31921569214512907,0.8573174822706837,0.9128434412388767,0.0,-3.189391766985257e-08,1.1141662213844186,1.4351442487241153,133,15.0,0.0,0.0,0.0,0.31412863742148495,0.671875,120.0,1.0
1777192305.504713,0.013035643473267555,easy,0.019901833309158314,140,4693.236691576,,120.0,0.125,0.21892007367545901,1.0,0.75,0.3258904593996704,0.5356872260758478,0.9206990165332258,0.0,2.4338563283284505e-08,1.0051966268986972,1.2529605263713293,134,15.0,0.125,0.125,0.0,0.3304494778452041,0.48828125,120.0,1.0
1777192358.662201,0.01479324847459793,easy,0.01905283790950781,141,4746.394221319,,120.0,0.25,0.3571332984048182,1.0,0.75,0.3698315178975463,0.31940729915381105,0.8874903047935417,0.0,-1.0679165522257487e-08,0.9348117667653681,1.2209817981270872,135,15.0,0.25,0.25,0.0,0.3536061036177813,0.46484375,120.0,1.0
1777192419.478354,0.012248038748900096,easy,0.023392594001104387,142,4807.210412459,,120.0,0.0,0.1488914079200754,1.0,0.75,0.3062014451250434,0.8573174822706837,0.9101298163395163,0.0,-2.0364920298258464e-08,1.1231898168521726,1.4351442487241153,136,15.0,0.0,0.0,0.0,0.3158805543613627,0.2216796875,120.0,1.0
1777192481.4478214,0.011770207434892654,easy,0.021238010897610318,143,4869.179853499,,120.0,0.125,0.2993905359934414,1.0,0.875,0.2942543868596355,0.2893165271214293,0.9215823638250005,0.0,3.005067507425944e-08,0.9853941883101226,1.2529605263713293,137,15.0,0.125,0.125,0.0,0.3227713733536408,0.375,120.0,1.0
1777192540.7317975,0.01451836470514536,easy,0.018176537368159922,144,4928.463806107,,120.0,0.25,0.3361718854379193,1.0,1.0,0.36295903064310553,0.2893165271214293,0.9084482375983411,0.0,5.944942434628805e-09,0.8648667470808711,1.1677047562192988,138,15.0,0.25,0.25,0.0,0.3423647243390518,0.69140625,120.0,1.0
1777192604.7588236,0.012154494101802507,easy,0.02284446812910053,145,4992.490834351,,120.0,0.0,0.11792317590993717,1.0,0.75,0.3038624988247951,0.8573174822706837,0.9143688052693628,0.0,-6.457169850667318e-09,1.1030142003560517,1.2529605263713293,139,15.0,0.0,0.0,0.0,0.309516235178586,0.51953125,120.0,1.0
1777192656.9477654,0.015028624733289083,easy,0.015776122305968657,146,5044.67975417,,120.0,0.375,0.4214832986483525,1.0,0.875,0.37571560374150675,0.31940729915381105,0.8827657953360842,0.0,-7.450580596923829e-10,0.9157862109444503,1.4351442487241153,140,15.0,0.375,0.375,0.0,0.40304572470910155,0.70703125,120.0,1.0
1777192716.7589989,0.014474928161750238,easy,0.019063599672350214,147,5104.490997603,,120.0,0.125,0.30850513318730516,1.0,0.75,0.3618732479400933,0.2893165271214293,0.915338756811623,0.0,-8.692344029744466e-10,1.0505778792570517,1.4351442487241153,141,15.0,0.125,0.125,0.0,0.3536459506064601,0.51953125,120.0,1.0
1777192776.7960618,0.013877821837862332,easy,0.022579284778515132,148,5164.528134892,,120.0,0.0,0.07023631506392161,1.0,0.75,0.3469460013943414,0.9767819395174563,0.9167966463160577,0.0,-1.2541810671488444e-08,1.088999519071254,1.1677047562192988,142,15.0,0.0,0.0,0.0,0.30590289427142786,0.353515625,120.0,1.0
1777192838.7024863,0.013764872898658116,easy,0.01730408631031805,149,5226.434546206,,120.0,0.25,0.33925075946691474,1.0,0.875,0.3441215542455514,0.31940729915381105,0.9034925855802086,0.0,1.0182460149129232e-08,0.9481546872658749,1.4351442487241153,143,15.0,0.25,0.25,0.0,0.35631332721178216,0.30078125,120.0,1.0
1777192894.1810594,0.014053878871103128,easy,0.019614888765145957,150,5281.913055352,,120.0,0.125,0.26366647939368176,1.0,0.75,0.35134733834614357,0.5356872260758478,0.9161717953503792,0.0,-1.334895690282186e-08,1.1434926905113385,1.4351442487241153,144,15.0,0.125,0.125,0.0,0.3670725421941975,0.515625,120.0,1.0
1777192951.5334337,0.014194575262566407,easy,0.018956794470502275,151,5339.265493989,,120.0,0.25,0.30781894796427645,1.0,1.0,0.3548645225353539,0.31940729915381105,0.9010065107141649,0.0,-9.623666604359945e-09,0.9398524248631182,1.2209817981270872,145,15.0,0.25,0.25,0.0,0.36235181770605396,0.7734375,120.0,1.0
1777193010.55258,0.0143351212143898,easy,0.016457672119615428,152,5398.284613258,,120.0,0.25,0.4090271770360929,1.0,0.75,0.3583802926664551,0.2893165271214293,0.9343070839952973,0.0,-8.953114350636801e-08,0.9738336962780952,1.4351442487241153,146,15.0,0.25,0.25,0.0,0.36700567241033194,0.765625,120.0,1.0
1777193066.5953808,0.015299712059398491,easy,0.021847541115125026,153,5454.327596592,,120.0,0.0,0.11075306174503433,1.0,0.875,0.3824933699021737,1.0749965337303022,0.9086477892228227,0.0,-1.763304074605306e-08,1.151216453845053,1.4351442487241153,147,15.0,0.0,0.0,0.0,0.32642649021522746,0.4296875,120.0,1.0
1777193132.2786198,0.013299240171909333,easy,0.025384646929358486,154,5520.010569078,,120.0,0.0,0.11552331392723583,1.0,0.5,0.33248183665176234,0.8573174822706837,0.9175802820632769,0.0,-3.8122137387593584e-08,0.9967189849308202,1.1138665676938975,148,15.0,0.0,0.0,0.0,0.26967843707705297,0.74609375,120.0,1.0
1777193193.3729627,0.013420235489805539,easy,0.02131217019874797,155,5581.105027625,,120.0,0.125,0.2976239205904622,1.0,0.875,0.3355058784907063,0.31940729915381105,0.8990129267592931,0.0,3.91155481338501e-09,1.0386384495319103,1.2529605263713293,149,15.0,0.125,0.125,0.0,0.3331117842160977,0.37890625,120.0,1.0
1777193255.8220828,0.013134903887597223,easy,0.023354284021717794,156,5643.554204974,,120.0,0.0,0.15180279103336547,1.0,1.0,0.32837269082665443,0.8573174822706837,0.9105238309075661,0.0,-2.7939677238464355e-09,1.164990882270478,1.4351442487241153,150,15.0,0.0,0.0,0.0,0.32142840434590003,0.3828125,120.0,1.0
1777193257.1323228,,,,157,5644.863741832,"{'log_mode': 'IMMUTABLE', 'size': 911, 'artifact_path': 'wandb-client-artifact://s8944yxee1c9n8v3k1k9p0lupwp2qhh4qvv6gl8x9fzj2ok5wc2oypvgntug5ue5t1jqns5tferae388g8niwyirrg1b0h92465k9k06qomaouumybtnpyk4dhvxqlda/samples/episode_outcomes.table.json', '_type': 'table-file', 'nrows': 8, 'path': 'media/table/samples/episode_outcomes_157_8623e657b2802045aa15.table.json', '_latest_artifact_path': 'wandb-client-artifact://2g4fma11vwup23no3ath62qvxfhzey6nu38z4uwfypq97ywp3h8lz20go3f7rkeg9sxbiiz9n40hw79bqbq2x392v638iu84fk6nj2zg8gbnl3a1wcyo30zkxl37l5lm:latest/samples/episode_outcomes.table.json', 'ncols': 8, 'sha256': '8623e657b2802045aa158740b23907775c909969603aae3c2170b117614023d5'}",,,,,,,,,,,,,150,,,,,,,,
1777193318.2055404,0.013680805979917447,easy,0.023501680926766834,158,5705.937563259,,120.0,0.0,0.1152717281865739,1.0,1.0,0.3420198707530896,0.8573174822706837,0.9166688291875997,0.0,7.82310962677002e-09,1.0943061898154969,1.2529605263713293,151,15.0,0.0,0.0,0.0,0.30393652922123143,0.28125,120.0,1.0
1777193377.3968875,0.014970877145727476,easy,0.021238218039238126,159,5765.129056017,,120.0,0.125,0.2617539733943129,1.0,0.875,0.3742720015347004,0.31940729915381105,0.9015708046892027,0.0,1.1175870895385742e-09,0.9988292163910175,1.1625584003701666,152,15.0,0.125,0.125,0.0,0.32227930643804925,0.2578125,120.0,1.0
1777193439.1745508,0.013632554312547047,easy,0.02259839317779847,160,5826.906417416,,120.0,0.0,0.12391070661501723,1.0,0.75,0.3408134087920189,0.8573174822706837,0.9089007284398807,0.0,1.862645149230957e-08,1.122169404729148,1.2529605263713293,153,15.0,0.0,0.0,0.0,0.31662066137467937,0.3046875,120.0,1.0
1777193499.9246807,0.015383848423759143,easy,0.018536767997892015,161,5887.656688915,,120.0,0.25,0.35921706445217033,1.0,0.875,0.3845959771424532,0.2893165271214293,0.9133224350262995,0.0,6.953875223795573e-09,0.9074222444956056,1.2529605263713293,154,15.0,0.25,0.25,0.0,0.35091721398714243,0.470703125,120.0,1.0
1777193563.4345393,0.015359709784388543,easy,0.016209645576219296,162,5951.166526322,,120.0,0.375,0.3674757737850548,1.0,0.875,0.3839913776144385,0.2893165271214293,0.9249747181187588,0.0,5.04155953725179e-08,0.7604726938275562,1.1625584003701666,155,15.0,0.375,0.375,0.0,0.35007405638298666,0.671875,120.0,1.0
1777193628.2636302,0.013673588074743748,easy,0.021894416375473475,163,6015.995582785,,120.0,0.125,0.22567273147116526,1.0,0.5,0.3418393362003068,0.31940729915381105,0.902084351162214,0.0,1.9123156865437827e-08,0.8818795736823626,1.1138665676938975,156,15.0,0.125,0.125,0.0,0.2961655748915722,0.369140625,120.0,1.0
1777193685.5083425,0.014928862700859706,easy,0.021406107258988935,164,6073.240317689,,120.0,0.0,0.1621553950081978,1.0,0.625,0.3732207362850507,0.9767819395174563,0.909967483394994,0.0,3.427267074584961e-08,1.1759461531126751,1.4351442487241153,157,15.0,0.0,0.0,0.0,0.32699222800420874,0.291015625,120.0,1.0
1777193743.999989,0.013379931294669708,easy,0.02011521018217985,165,6131.731997864,,120.0,0.125,0.2587814489489537,1.0,1.0,0.3344979933773478,0.5356872260758478,0.9178645116446571,0.0,1.3969838619232178e-08,1.088446405691263,1.4351442487241153,158,15.0,0.125,0.125,0.0,0.34739795982050403,0.48046875,120.0,1.0
1777193803.7227743,0.013649287074804306,easy,0.02353141313661112,166,6191.45480692,,120.0,0.0,0.15255890356175486,1.0,0.75,0.3412325203418732,0.8573174822706837,0.9129577180868389,0.0,-1.1455267667770386e-08,1.1743651644797677,1.4351442487241153,159,15.0,0.0,0.0,0.0,0.3227696245109014,0.47265625,120.0,1.0
1777193852.571124,0.015107454111178717,easy,0.012169503323468422,167,6240.302881393,,120.0,0.5,0.3624111843346728,1.0,0.75,0.3776861741517981,0.31940729915381105,0.9103337891192006,0.0,1.0430812835693359e-08,0.8166168212866648,1.4351442487241153,160,15.0,0.5,0.5,0.0,0.4238092999866222,0.5234375,120.0,1.0
1777193915.6269345,0.014331999172767004,easy,0.02036757304005024,168,6303.358917159,,120.0,0.125,0.3424430008004114,1.0,0.875,0.35829988550394776,0.2893165271214293,0.9196765452539429,0.0,-1.6142924626668295e-09,1.0474403366011387,1.4351442487241153,161,15.0,0.125,0.125,0.0,0.33692807103706524,0.53515625,120.0,1.0
1777193973.9881876,0.013985523954033852,easy,0.022524144820062687,169,6361.720141786,,120.0,0.0,0.10900248320398842,1.0,0.75,0.34963831547647717,0.8573174822706837,0.9179240868937325,0.0,-7.450580596923828e-09,1.1261700145380078,1.2529605263713293,162,15.0,0.0,0.0,0.0,0.3155697758476638,0.3515625,120.0,1.0
1777194022.9456184,0.018615107983350754,easy,0.017063128622923373,170,6410.677664014,,120.0,0.25,0.37239894667082896,1.0,0.75,0.4653780429934462,0.2893165271214293,0.9373440992591616,0.0,-1.4901161193847656e-08,0.9304563263517633,1.2209817981270872,163,15.0,0.25,0.25,0.0,0.3564807096433467,0.6953125,120.0,1.0
1777194078.7608385,0.016600109388430914,easy,0.016928295671050735,171,6466.49309201,,120.0,0.25,0.3923635196133191,1.0,0.75,0.4150026093237102,0.2893165271214293,0.9288782399854372,0.0,6.7055225372314455e-09,0.9431803901765508,1.4351442487241153,164,15.0,0.25,0.25,0.0,0.36331295555523235,0.921875,120.0,1.0
1777194136.999205,0.01603880027929942,easy,0.01642202881366301,172,6524.731184055,,120.0,0.375,0.3799318613648143,1.0,0.75,0.4009699202453097,0.2893165271214293,0.9196314477143608,0.0,8.940696716308593e-09,0.7821079903439188,1.1677047562192988,165,15.0,0.375,0.375,0.0,0.3674845973915852,0.5703125,120.0,1.0
1777194198.6179285,0.01383711000283559,easy,0.02158267606541604,173,6586.349961125,,120.0,0.125,0.24599823262529935,1.0,0.75,0.34592808987945317,0.31940729915381105,0.8976165701590381,0.0,-1.701215902964274e-08,0.9131905300064086,1.1677047562192988,166,15.0,0.125,0.125,0.0,0.306446056676168,0.37109375,120.0,1.0
1777194252.412567,0.01465386430112024,easy,0.022120422110328213,174,6640.144586107,,120.0,0.0,0.11881331056348154,1.0,0.75,0.3663469062497218,0.8573174822706837,0.9094127202238343,0.0,-9.235615531603495e-09,1.1210505324367386,1.2529605263713293,167,15.0,0.0,0.0,0.0,0.32005360149057893,0.455078125,120.0,1.0
1777194309.398148,0.012766598661740621,easy,0.015165489047383834,175,6697.13018291,,120.0,0.375,0.28972222476792736,1.0,0.75,0.3191644106681148,0.2893165271214293,0.9404352794438837,0.0,2.6325384775797525e-08,0.7917099009056431,1.1677047562192988,168,15.0,0.375,0.375,0.0,0.36270190916874373,0.48828125,120.0,1.0
1777194361.0202448,0.016412796949346862,easy,0.020332352962032202,176,6748.75231772,,120.0,0.125,0.30686271495282047,1.0,1.0,0.41031992187102634,0.31940729915381105,0.8972494941507702,0.0,-1.986821492513021e-09,1.0611406479701313,1.4351442487241153,169,15.0,0.125,0.125,0.0,0.3463806349827179,0.52734375,120.0,1.0
1777194420.666923,0.014246351520220439,easy,0.013050918593450887,177,6808.39891311,,120.0,0.5,0.45421065990211645,1.0,0.75,0.35615801249320306,0.2893165271214293,0.9007295944641116,0.0,2.9802322387695312e-08,0.7463137498244716,1.4351442487241153,170,15.0,0.5,0.5,0.0,0.40238463145131326,0.330078125,120.0,1.0
1777194475.6622417,0.014998868107795715,easy,0.02270658319819836,178,6863.394269333,,120.0,0.125,0.26026638941873526,1.0,0.75,0.37497158013284204,0.31940729915381105,0.8947125409932287,0.0,3.228584925333659e-09,0.9714908758636184,1.1625584003701666,171,15.0,0.125,0.125,0.0,0.31871398510946536,0.337890625,120.0,1.0
1777194530.685052,0.013537622739871342,easy,0.0188361344820282,179,6918.417100062,,120.0,0.25,0.39062760911043004,1.0,0.75,0.3384405056635539,0.2893165271214293,0.9075773207902729,0.0,5.960464477539063e-09,0.974297960376727,1.2529605263713293,172,15.0,0.25,0.25,0.0,0.36246359987070764,0.48828125,120.0,1.0
1777194588.0114968,0.013977634782592455,easy,0.02075786981684792,180,6975.743334474,,120.0,0.125,0.2759244781563054,1.0,0.875,0.3494405636563897,0.2893165271214293,0.9230150066709824,0.0,1.4528632164001465e-08,0.9597184430247014,1.2209817981270872,173,15.0,0.125,0.125,0.0,0.32318821153444166,0.318359375,120.0,1.0
1777194639.0463967,0.014662347237269084,easy,0.021697240872727556,181,7026.778395565,,120.0,0.0,0.13217501435013573,1.0,0.875,0.36655879418055215,0.9767819395174563,0.9105213516083132,0.0,-7.2022279103597006e-09,1.158713945764641,1.4351442487241153,174,15.0,0.0,0.0,0.0,0.32406566640124923,0.61328125,120.0,1.0
1777194685.8748596,0.017171768099069597,easy,0.014382021497623642,182,7073.606935939,,120.0,0.375,0.45467893693119427,1.0,0.875,0.4292944476008415,0.2893165271214293,0.9183601179589019,0.0,-2.9802322387695314e-09,0.873407415418175,1.4351442487241153,175,15.0,0.375,0.375,0.0,0.3889743101358615,0.6015625,120.0,1.0
1777194687.226939,,,,183,7074.958421432,"{'_latest_artifact_path': 'wandb-client-artifact://33s90na10vjizj6puukoicbhvk8g9ztf3lmel8sghh4j0pnpx16tnuzu0q4p5rpf70cszfkrkn9ntripar2xzsugbb114sgvxdehp5d5hry7m22jd5slgk4fnjoscl9z:latest/samples/episode_outcomes.table.json', 'ncols': 8, 'nrows': 8, 'path': 'media/table/samples/episode_outcomes_183_11c0b7e03541cd4c779b.table.json', 'sha256': '11c0b7e03541cd4c779b3a1cd25962d628048f788862f1349d47c737f67d2c37', 'log_mode': 'IMMUTABLE', 'size': 856, 'artifact_path': 'wandb-client-artifact://nafz6hyr3oopmkuq1uprn487bk3bm4xlvy0n9bm22f2plnje0d9mya3suhdsnq0iyw6t361gh9p9e309x28qwou4p1ydxwh7z9r6qv85wgtafysr718psgotw6umq1v9/samples/episode_outcomes.table.json', '_type': 'table-file'}",,,,,,,,,,,,,175,,,,,,,,
1777194737.9470801,0.01389774704972903,easy,0.01871553046768474,184,7125.678886169,,120.0,0.25,0.32328221753237024,1.0,0.875,0.3474430763783554,0.31940729915381105,0.908335097052042,0.0,2.5580326716105142e-08,0.9731195933652976,1.2529605263713293,176,15.0,0.25,0.25,0.0,0.36378676773169527,0.61328125,120.0,1.0
1777194784.367116,0.014862284623086452,easy,0.014365920168767357,185,7172.09907311,,120.0,0.375,0.35909804825026587,1.0,0.75,0.3715558866038918,0.2893165271214293,0.9426760729066279,0.0,4.90496555964152e-08,0.8115368535478458,1.1677047562192988,177,15.0,0.375,0.375,0.0,0.36929828246449414,0.57421875,120.0,1.0
1777194838.3377807,0.014215985747675101,easy,0.018957917704463943,186,7226.069838941,,120.0,0.125,0.3328187815432012,1.0,0.625,0.3553998832590878,0.2893165271214293,0.9162764166736943,0.0,-7.326404253641764e-09,1.0874862034735282,1.4351442487241153,178,15.0,0.125,0.125,0.0,0.36000737034764596,0.486328125,120.0,1.0
1777194891.7843843,0.014690021425485611,easy,0.01854882375059341,187,7279.516387553,,120.0,0.25,0.3507190880640931,1.0,0.875,0.36725041217481097,0.31940729915381105,0.903006760837109,0.0,5.587935447692871e-09,0.9411569995283527,1.4351442487241153,179,15.0,0.25,0.25,0.0,0.35393294968383004,0.36328125,120.0,1.0
1777194942.059727,0.015023474302142858,easy,0.020093706143101953,188,7329.791843474,,120.0,0.25,0.3706322992748423,1.0,0.75,0.3755869965379437,0.31940729915381105,0.8863691698929411,0.0,-5.960464477539063e-09,0.9477950524103909,1.2529605263713293,180,15.0,0.25,0.25,0.0,0.3554420229794424,0.75390625,120.0,1.0
1777194991.8381839,0.015551911977430185,easy,0.02007144666432289,189,7379.570218848,,120.0,0.125,0.3179276983512124,1.0,0.875,0.38879737177242835,0.2893165271214293,0.9155000367570202,0.0,2.061327298482259e-08,1.025289424347889,1.4351442487241153,181,15.0,0.125,0.125,0.0,0.3421333988665392,0.322265625,120.0,1.0
1777195042.3283293,0.016287289559841156,easy,0.019503987584907345,190,7430.060380708,,120.0,0.25,0.37904744056207773,1.0,0.75,0.40718272800246874,0.31940729915381105,0.8855503538079013,0.0,-1.8378098805745444e-08,0.972233555652061,1.2529605263713293,182,15.0,0.25,0.25,0.0,0.3625935943582223,0.31640625,120.0,1.0
1777195094.6869938,0.015228700389464696,easy,0.018335424672270863,191,7482.418969747,,120.0,0.25,0.3540750700968919,1.0,0.875,0.3807172870263457,0.2893165271214293,0.9283745157661434,0.0,7.2022279103597006e-09,0.9333983119937748,1.4351442487241153,183,15.0,0.25,0.25,0.0,0.351217820782218,0.4921875,120.0,1.0
1777195144.4801416,0.01682672475775083,easy,0.018237165025639032,192,7532.212120014,,120.0,0.25,0.32266905800259355,1.0,0.875,0.4206679966300726,0.31940729915381105,0.9084578398994437,0.0,2.9802322387695314e-09,0.9759317093499372,1.2209817981270872,184,15.0,0.25,0.25,0.0,0.366014452750981,0.48046875,120.0,1.0
1777195199.851191,0.015130689553916454,easy,0.02077568156482031,193,7587.58317528,,120.0,0.125,0.31072524214543257,1.0,1.0,0.3782662172801793,0.2893165271214293,0.9232204546761676,0.0,3.489355246225993e-08,1.0024494064320713,1.4351442487241153,185,15.0,0.125,0.125,0.0,0.3226298137095181,0.6875,120.0,1.0
1777195253.3774369,0.015355786681175232,easy,0.021095462774949954,194,7641.109394025,,120.0,0.125,0.24636349665336393,1.0,0.875,0.3838943205152949,0.5356872260758478,0.9220945724461087,0.0,1.0430812835693359e-08,1.0599640789545144,1.4351442487241153,186,15.0,0.125,0.125,0.0,0.33751874576896246,0.337890625,120.0,1.0
1777195306.0760195,0.015454670786857605,easy,0.01840986525509875,195,7693.808014747,,120.0,0.25,0.33538095759525094,1.0,1.0,0.3863664691336453,0.2893165271214293,0.9317626414509398,0.0,1.6887982686360677e-08,0.9760178770997234,1.2529605263713293,187,15.0,0.25,0.25,0.0,0.36351088970478673,0.38671875,120.0,1.0
1777195363.821585,0.014875640347599983,easy,0.01710299577197882,196,7751.55366012,,120.0,0.375,0.3452939298242016,1.0,0.75,0.37189088265101117,0.31940729915381105,0.8966843843664637,0.0,3.4148494402567544e-09,0.815728477194146,1.1625584003701666,188,15.0,0.375,0.375,0.0,0.36189270561332704,0.48046875,120.0,1.0
1777195415.5726159,0.01574423412481944,easy,0.021376908957435423,197,7803.304711528,,120.0,0.125,0.2860580695907153,1.0,0.75,0.39360592467710376,0.31940729915381105,0.89435764322681,0.0,-1.3659397761027017e-09,1.0185796618484573,1.2209817981270872,189,15.0,0.125,0.125,0.0,0.3355776326068023,0.53125,120.0,1.0
1777195468.6233108,0.014264809836943945,easy,0.02385307257232152,198,7856.355346864,,120.0,0.0,0.12116826548273711,1.0,0.75,0.35662031757334867,0.8573174822706837,0.9107160915139898,0.0,-2.1109978357950846e-09,1.1413176852131384,1.2529605263713293,190,15.0,0.0,0.0,0.0,0.31157028019511757,0.32421875,120.0,1.0
1777195514.8164299,0.017058883824696145,easy,0.01994364780817302,199,7902.548417179,,120.0,0.125,0.3079173395550825,1.0,0.75,0.42647227020934225,0.31940729915381105,0.8963197530938617,0.0,-9.002784887949625e-09,1.093070716117275,1.4351442487241153,191,15.0,0.125,0.125,0.0,0.3538561986654073,0.3671875,120.0,1.0
1777195565.6930764,0.016444949557383855,easy,0.024033724662287412,200,7953.425102691,,120.0,0.0,0.132919448687126,1.0,0.75,0.411124176842471,0.8573174822706837,0.910966047329878,0.0,-1.663962999979655e-08,1.0334472043797829,1.2529605263713293,192,15.0,0.0,0.0,0.0,0.2941885868178272,0.283203125,120.0,1.0
1777195620.4758203,0.013954191903273265,easy,0.020511423878387315,201,8008.207809439,,120.0,0.125,0.21705516491947313,1.0,0.875,0.3488540892799695,0.5356872260758478,0.9212712543990476,0.0,2.520779768625895e-08,1.0293705238028814,1.2529605263713293,193,15.0,0.125,0.125,0.0,0.3290445593246136,0.62890625,120.0,1.0
1777195674.659777,0.0157612357288599,easy,0.02327304507656819,202,8062.391865089,,120.0,0.0,0.10183226180647945,1.0,0.625,0.3940310728425781,1.0752168073715764,0.9170366725898151,0.0,-8.81652037302653e-09,1.1802886375793717,1.4351442487241153,194,15.0,0.0,0.0,0.0,0.3262632194187642,0.46875,120.0,1.0
1777195722.8816667,0.016101753634090225,easy,0.01940218637143635,203,8110.613556859,,120.0,0.25,0.3340726766092867,1.0,0.75,0.40254408785452445,0.31940729915381105,0.8813063531247054,0.0,-1.2526288628578185e-08,0.8603546666675458,1.2209817981270872,195,15.0,0.25,0.25,0.0,0.333829454027828,0.53515625,120.0,1.0
1777195772.7324703,0.018118805065751076,easy,0.018689771983197028,204,8160.464310453,,120.0,0.25,0.3625981488092529,1.0,0.875,0.45297000498200457,0.2893165271214293,0.9116583714468207,0.0,6.457169850667318e-09,0.9041681412335599,1.2529605263713293,196,15.0,0.25,0.25,0.0,0.34573027391439065,0.71875,120.0,1.0
1777195822.9993181,0.01724652275443077,easy,0.02334238919315519,205,8210.731173838,,120.0,0.0,0.1537532589737933,1.0,0.875,0.43116391186291975,0.8573174822706837,0.9103866642397316,0.0,-3.427267074584961e-08,1.1509059305511635,1.4351442487241153,197,15.0,0.0,0.0,0.0,0.3173732611775567,0.384765625,120.0,1.0
1777195871.3044221,0.018193307146430016,easy,0.018310478531555558,206,8259.036414104,,120.0,0.25,0.3563652445843342,1.0,1.0,0.45483252697934706,0.2893165271214293,0.9091437510969789,0.0,7.574756940205891e-09,0.9081380751662461,1.2529605263713293,198,15.0,0.25,0.25,0.0,0.35165150908201376,0.51171875,120.0,1.0
1777195922.8701055,0.016015428801377615,easy,0.011821768397886505,207,8310.602124474,,120.0,0.5,0.4098341744439056,1.0,0.875,0.40038598896935584,0.2893165271214293,0.9225847607110856,0.0,-5.463759104410807e-09,0.809003832304478,1.4351442487241153,199,15.0,0.5,0.5,0.0,0.41541396931283475,0.96875,120.0,1.0
